position,title,place_id,data_id,data_cid,provider_id,rating,reviews,type,types,type_id,address,latitude,longitude,phone,website,hours,open_state,operating_hours_detailed,price,price_level,accessibility,payment_methods,service_options,amenities,user_review_highlight,thumbnail,serpapi_thumbnail,reviews_link,photos_link,place_id_search,cidade_oficial,categoria_governo,data_extracao_oficial,auditoria_governo
1,Chiquita Presentes e Utilidades,ChIJIeKe_l7RrgARxbTux9hGQhw,0xaed15efe9ee221:0x1c4246d8c7eeb4c5,2036267878406075589,/g/11hzjhr7_q,5,1,Loja de Roupa,"Loja de Roupa, Loja de Brinquedos",clothing_store,"Avenida Governador Jos√© de Magalh√£es Pinto, 247 - Centro, Datas - MG, 39130-000, Brasil",-18.445371299999998,-43.658533399999996,,https://instagram.com/rosiane_reisg?utm_medium=copy_link,Fechado ‚ãÖ Abre ter. √†s 09:00,Fechado ‚ãÖ Abre ter. √†s 09:00,segunda-feira: 09:00‚Äì18:00; ter√ßa-feira: 09:00‚Äì18:00; quarta-feira: 09:00‚Äì18:00; quinta-feira: 09:00‚Äì18:00; sexta-feira: 09:00‚Äì18:00; s√°bado: 09:00‚Äì17:00; domingo: Fechado,,,,"Cart√£o de cr√©dito, Cart√£o de d√©bito",Compras na loja,,,https://lh3.googleusercontent.com/p/AF1QipNYN07fZpe4g3yBlZj2Z_odUdyg8C0XNy0cfw-s=w163-h92-k-no,https://serpapi.com/images/url/VVjIB3icuxmXUVJSUGylr5-TYayXnp-fnpNaWpxalJyfV5KaV6KXnJ-rX6Dv6GYYmFngF-lnYJ4WVZBqkm5c6ZQTlWUUFZ-fEppSmW7hbBDhV2mQnFauW2xbbmhmrJthaaSbrZuXDwCn9yFX,https://serpapi.com/search.json?data_id=0xaed15efe9ee221%3A0x1c4246d8c7eeb4c5&engine=google_maps_reviews&hl=pt,https://serpapi.com/search.json?data_id=0xaed15efe9ee221%3A0x1c4246d8c7eeb4c5&engine=google_maps_photos&hl=pt,https://serpapi.com/search.json?engine=google_maps&google_domain=google.com&hl=pt&place_id=ChIJIeKe_l7RrgARxbTux9hGQhw,"Datas, MG",lojas_presentes,2025-07-28T19:50:48.706983,COMPLETA
2,Artesanato Valmir Divino Espirito Santo Madeira,ChIJ397r1XnRrgAR5NIxhDTXIMU,0xaed179d5ebdedf:0xc520d7348431d2e4,14204589845282673380,/g/11qpxqgj6q,5,2,Loja de Presentes,Loja de Presentes,gift_shop,"R. Cristais, 133, Datas - MG, 39130-000, Brasil",-18.4546377,-43.6565083,,,,,,,,,Cart√£o de cr√©dito,,,,https://lh3.googleusercontent.com/gps-cs-s/AC9h4nr2q59zG3NqgBKVw7eUXT0kv-2MRYYN4LtAAlRzvLxJLH2yK2SaI3TAHXOC_7wSI6fE3rk1BxvpLTKQ6tKnV-oIelmjDbuKCkeG5UWPi8rlIj9QYm0_LFbmAkN8ooVHpRcsv-8F=w80-h142-k-no,https://serpapi.com/images/url/nWX6zXicBcHtFoEwAADQJ5qyQjnHj8lH2YQk-uXQmWJrS5uK9_MQ3sa9v2-hdaXGhsELq5dLmXP6UrTOpNBU6F4mSyOvFMgUUAby3MIWNXwO3M_SCp_5FCftiB5OsckaANdRmoY20Qjx6NOQbkV8-MZwfwmsGPmnjXcetftgeJtbNetPu6YiMd4NNRYJkAHl5WN2fWGP0eXgcNzenZoHD3eXluaZLK4lYqEjZeJXUaYa4CwmrWOCom9DwICQf1YaQ34,https://serpapi.com/search.json?data_id=0xaed179d5ebdedf%3A0xc520d7348431d2e4&engine=google_maps_reviews&hl=pt,https://serpapi.com/search.json?data_id=0xaed179d5ebdedf%3A0xc520d7348431d2e4&engine=google_maps_photos&hl=pt,https://serpapi.com/search.json?engine=google_maps&google_domain=google.com&hl=pt&place_id=ChIJ397r1XnRrgAR5NIxhDTXIMU,"Datas, MG",lojas_presentes,2025-07-28T19:50:48.706983,COMPLETA
3,Papelaria Avenida,ChIJKeMLGQDRrgARedGfjZD7g-Q,0xaed100190be329:0xe483fb908d9fd179,16466281260866589049,/g/11vrxw1m0m,,0,Loja de Presentes,Loja de Presentes,gift_shop,"Avenida Doutor Jos√© de Magalh√£es Pinto, 293, Datas - MG, 39130-000, Brasil",-18.4457603,-43.658466,,,,,,,,,"Cart√£o de cr√©dito, Cart√£o de d√©bito",,,,https://streetviewpixels-pa.googleapis.com/v1/thumbnail?panoid=QAhIYKkyQsHFkMR0ENK5pw&cb_client=search.gws-prod.gps&w=80&h=92&yaw=322.24908&pitch=0&thumbfov=100,https://serpapi.com/images/url/1vHvk3icHc1RCsIgGADg2_iWOivYAokeimIUrLeewjlTmdOfabPdpmt1m6ILfN_nbVKCuCEkplGpNFmVwb6UiwsQWIegnRJgI5ZhIFNBknkOrRfWbUH4YDve7MzpVvdzE4-H_nyl-0u9hoxke5fOKp94VGKUBuv8E8fQYQ0RZV5SZHjF0CwyXzKG2aqiJQKbpOEU_ZdHmHhB6Rdp5TlX,https://serpapi.com/search.json?data_id=0xaed100190be329%3A0xe483fb908d9fd179&engine=google_maps_reviews&hl=pt,https://serpapi.com/search.json?data_id=0xaed100190be329%3A0xe483fb908d9fd179&engine=google_maps_photos&hl=pt,https://serpapi.com/search.json?engine=google_maps&google_domain=google.com&hl=pt&place_id=ChIJKeMLGQDRrgARedGfjZD7g-Q,"Datas, MG",lojas_presentes,2025-07-28T19:50:48.707995,COMPLETA
2,Ateli√™ Arte no Entalhe,ChIJhZ5Y2rvRrgARuGf-AFw671w,0xaed1bbda589e85:0x5cef3a5c00fe67b8,6696635337751291832,/g/11t_k7_n7y,,0,Artesanato,Artesanato,handicraft,"R. Augusto Guedes, 36, Datas - MG, 39130-000, Brasil",-18.4441837,-43.6622596,+55 38 99827-3095,,Fechado ‚ãÖ Abre ter. √†s 08:00,Fechado ‚ãÖ Abre ter. √†s 08:00,segunda-feira: 08:00‚Äì18:00; ter√ßa-feira: 08:00‚Äì18:00; quarta-feira: 08:00‚Äì18:00; quinta-feira: 08:00‚Äì18:00; sexta-feira: 08:00‚Äì18:00; s√°bado: 08:00‚Äì18:00; domingo: 08:00‚Äì18:00,,,,Cart√£o de d√©bito,,,,https://lh3.googleusercontent.com/gps-cs-s/AC9h4nrRbIcZUJXo0DXABAIdPmnHaT_W54ltGqwgrOZMYtxCXS00LexYl1sgZQQramHFoTcgFCUi9I5dppfHytgzBdgxoU_WBoAn774LT-2QmCHNyeJkF4ExB91AJrLI10iVmR_wWTchuA=w80-h142-k-no,https://serpapi.com/images/url/XdfRDHicBcFRboIwGADgE1WKq1GW7KGwIRB0w8FAXoiW2hppf9bWgLvgzrDb7Pv-fqVzo332vEE-LQSAGPjdcsNAO67dgoHyxGgRs8h6NAok0eZwTllbZQ3g14aGNO0_lE5OZVevyOC235Mw7-3u6Oao-cQ45_Nx8K1oi8KcVBJDyUQcVdcgXfXjeEkeTvyEvZih6uoQqF6vSV6iZaGiZP_g2S0mb3MY-DQzeerj65c6dFNdMnmnL9MGI-mTJbohDf-B00VW,https://serpapi.com/search.json?data_id=0xaed1bbda589e85%3A0x5cef3a5c00fe67b8&engine=google_maps_reviews&hl=pt,https://serpapi.com/search.json?data_id=0xaed1bbda589e85%3A0x5cef3a5c00fe67b8&engine=google_maps_photos&hl=pt,https://serpapi.com/search.json?engine=google_maps&google_domain=google.com&hl=pt&place_id=ChIJhZ5Y2rvRrgARuGf-AFw671w,"Datas, MG",lojas_artesanato,2025-07-28T19:50:51.766997,COMPLETA
3,Ateli√™ Modelagem Certa,ChIJSUvVjQrRrgAR3UTU3wm67IY,0xaed10a8dd54b49:0x86ecba09dfd444dd,9722350247158760669,/g/11x7pv___2,,0,Artesanato,Artesanato,handicraft,"Avenida Flor√™ncio Marques, 143 A, Datas - MG, 39130-000, Brasil",-18.4474302,-43.6582517,+55 38 98833-2801,https://www.instagram.com/modelagemcerta?igsh=ajY1Zm5raHN4Mzk4,Fechado ‚ãÖ Abre ter. √†s 13:00,Fechado ‚ãÖ Abre ter. √†s 13:00,segunda-feira: 13:00‚Äì17:00; ter√ßa-feira: 13:00‚Äì17:00; quarta-feira: 13:00‚Äì17:00; quinta-feira: 13:00‚Äì17:00; sexta-feira: 13:00‚Äì17:00; s√°bado: Fechado; domingo: Fechado,,,,"Cart√£o de cr√©dito, Cart√£o de d√©bito, Pagamentos por dispositivo m√≥vel via NFC",,,,https://lh3.googleusercontent.com/p/AF1QipM5T_V82ljdIjLeZ8-qZEHBPYpDxOWbFtjiEQw=w92-h92-k-no,https://serpapi.com/images/url/VfgcxHicuxmTUVJSUGylr5-TYayXnp-fnpNaWpxalJyfV5KaV6KXnJ-rX6Dv6GYYmFngaxoSH2ZhlJOV4pnlkxploVsY5erhFBBZ4FLhH57kVpKV6RpYbltuaaSbAcTZunn5AFyWIK4,https://serpapi.com/search.json?data_id=0xaed10a8dd54b49%3A0x86ecba09dfd444dd&engine=google_maps_reviews&hl=pt,https://serpapi.com/search.json?data_id=0xaed10a8dd54b49%3A0x86ecba09dfd444dd&engine=google_maps_photos&hl=pt,https://serpapi.com/search.json?engine=google_maps&google_domain=google.com&hl=pt&place_id=ChIJSUvVjQrRrgAR3UTU3wm67IY,"Datas, MG",lojas_artesanato,2025-07-28T19:50:51.766997,COMPLETA
2,M√≥veis Madureira,ChIJH_OPeQDRrgAR0OhHffDYfQo,0xaed100798ff31f:0xa7dd8f07d47e8d0,755998839873726672,/g/11y3139y1b,5,1,Loja de m√≥veis,Loja de m√≥veis,furniture_store,"Avenida Doutor Jos√© de Magalh√£es Pinto, 447, Datas - MG, 39130-000, Brasil",-18.44743,-43.658251799999995,+55 38 99906-4446,,Fechado ‚ãÖ Abre ter. √†s 08:00,Fechado ‚ãÖ Abre ter. √†s 08:00,segunda-feira: 08:00‚Äì18:00; ter√ßa-feira: 08:00‚Äì18:00; quarta-feira: 08:00‚Äì18:00; quinta-feira: 08:00‚Äì18:00; sexta-feira: 08:00‚Äì18:00; s√°bado: 08:00‚Äì12:00; domingo: Fechado,,,,"Cart√£o de cr√©dito, Cart√£o de d√©bito, Pagamentos por dispositivo m√≥vel via NFC",Entrega,,,https://lh3.googleusercontent.com/p/AF1QipNLv-L4Z8SzGJ9pek7eR9voGJLM0EMpYHLapjdt=w80-h106-k-no,https://serpapi.com/images/url/hDaW0nicuxmXUVJSUGylr5-TYayXnp-fnpNaWpxalJyfV5KaV6KXnJ-rX6Dv6GYYmFng51Om62MSZRFc5e5lWZCabZ4aZFmW7-7l42vg6lsQ6eGTWJCVUmJbbmGgm2FoYKabrZuXDwCZciEE,https://serpapi.com/search.json?data_id=0xaed100798ff31f%3A0xa7dd8f07d47e8d0&engine=google_maps_reviews&hl=pt,https://serpapi.com/search.json?data_id=0xaed100798ff31f%3A0xa7dd8f07d47e8d0&engine=google_maps_photos&hl=pt,https://serpapi.com/search.json?engine=google_maps&google_domain=google.com&hl=pt&place_id=ChIJH_OPeQDRrgAR0OhHffDYfQo,"Datas, MG",lojas_decoracao,2025-07-28T19:50:54.918324,COMPLETA
4,Ph Flores Desidratadas,ChIJ4wUIaBDXrgARJhCZMov1HCQ,0xaed710680805e3:0x241cf58b32991026,2602224662911455270,/g/11mp9symj_,4.9,38,Loja de flores secas,Loja de flores secas,dried_flower_shop,"R. Carlos Guedes, 10 - centro, Datas - MG, 39130-000, Brasil",-18.442685,-43.658811199999995,+55 38 99959-4372,,Fechado ‚ãÖ Abre ter. √†s 08:00,Fechado ‚ãÖ Abre ter. √†s 08:00,segunda-feira: 08:00‚Äì17:00; ter√ßa-feira: 08:00‚Äì17:00; quarta-feira: 08:00‚Äì17:00; quinta-feira: 08:00‚Äì17:00; sexta-feira: 08:00‚Äì17:00; s√°bado: 08:00‚Äì17:00; domingo: Fechado,,,,"Cart√£o de cr√©dito, Cart√£o de d√©bito, Pagamentos por dispositivo m√≥vel via NFC","Entrega, Retirada na loja, Compras na loja",,"""Atendimento √≥timo e as flores s√£o de excelente qualidade, recomendo!""",https://lh3.googleusercontent.com/p/AF1QipPWXXuwo5WrlKHqIZNDpRwyaZH5qsZMi3zIL1qE=w126-h92-k-no,https://serpapi.com/images/url/4wv9bXicuxmXUVJSUGylr5-TYayXnp-fnpNaWpxalJyfV5KaV6KXnJ-rX6Dv6GYYmFkQEB4RUVqebxpelOPtUegZ5edSEFRemRjlYVpYHOWbaVzl6WNY6GpbbmhkppthaaSbrZuXDwDCiyHX,https://serpapi.com/search.json?data_id=0xaed710680805e3%3A0x241cf58b32991026&engine=google_maps_reviews&hl=pt,https://serpapi.com/search.json?data_id=0xaed710680805e3%3A0x241cf58b32991026&engine=google_maps_photos&hl=pt,https://serpapi.com/search.json?engine=google_maps&google_domain=google.com&hl=pt&place_id=ChIJ4wUIaBDXrgARJhCZMov1HCQ,"Datas, MG",lojas_decoracao,2025-07-28T19:50:54.918324,COMPLETA
5,M√ìVEIS GOUVEIA,ChIJrag5p13QrgARbpCYnsZhL7c,0xaed05da739a8ad:0xb72f61c69e98906e,13199876538538430574,/g/11lnnystn_,,0,Loja de m√≥veis,Loja de m√≥veis,furniture_store,"Av. J Magalh√£es Pinto, Datas - MG, 39130-000, Brasil",-18.4471544,-43.658266499999996,,,,,,,,,"Cart√£o de cr√©dito, Cart√£o de d√©bito",Entrega,,,https://streetviewpixels-pa.googleapis.com/v1/thumbnail?panoid=Ixl9XQFM3ZcCPHzxg3V9WQ&cb_client=search.gws-prod.gps&w=80&h=92&yaw=95.050674&pitch=0&thumbfov=100,https://serpapi.com/images/url/bQhUBHicHc1RCsIgGADg2_iWutYqg58egqiHoL1U9BLOmQpOZdpcnaZrdZuiC3zf561TCnFFSEy9lGkwMgczShsngWPlvbKSBxOx8B0ZCpL0o2scN3YduPOmhf1o2aXeHsqr2Bx3r1GVJ3aukWhuwhrpEkTJe6Gxyj-x9y1WIaIMS4o0sCl68gyswrSi88UMBZOEBor-y90PUFD6BV-1OTw,https://serpapi.com/search.json?data_id=0xaed05da739a8ad%3A0xb72f61c69e98906e&engine=google_maps_reviews&hl=pt,https://serpapi.com/search.json?data_id=0xaed05da739a8ad%3A0xb72f61c69e98906e&engine=google_maps_photos&hl=pt,https://serpapi.com/search.json?engine=google_maps&google_domain=google.com&hl=pt&place_id=ChIJrag5p13QrgARbpCYnsZhL7c,"Datas, MG",lojas_decoracao,2025-07-28T19:50:54.918324,COMPLETA
6,Loja Puro Estilo,ChIJtXTSZIzRrgARz9oVVEqf9TQ,0xaed18c64d274b5:0x34f59f4a5415dacf,3816131400853478095,/g/11tx_v6wk2,5,1,Loja de Roupa,Loja de Roupa,clothing_store,"Av. J Magalh√£es Pinto, 130, Datas - MG, 39130-000, Brasil",-18.4472721,-43.6582783,+55 38 99742-5698,,,,,,,,"Cart√£o de cr√©dito, Cart√£o de d√©bito",Entrega,,,https://lh3.googleusercontent.com/gps-cs-s/AC9h4npFcMdG7vnOFMWXWEJ5uwBybcNScsa4PROxxTMypNProojkPnN7qLZonfyWEOhVforHEYPJZFYzjXfyUuXBC3UvCz2L1LTgBDRyR6h3WvowffDbTLQNYsppvDGQuJIxRZml9CTs=w80-h142-k-no,https://serpapi.com/images/url/nwYQRHicBcFZEsEwGADgE0XRWmc86IZON1W6vBFNM1T-aLrF_RzCbXzf70ubhou1olRUHZUAZVW0oqgxsKZgzQjDSym5QFggoWyNFdUYt7F33y06FthekiaWM2t7Xd6wf8LiqoVRMAyxJ7kf1gCPZ8j8xdvNgRGZWAG9EKj3VhY6uZ19HimR5zbVDfXcGZ-pO3HjUjcjGc2pmnTQE2LeYvfoZ4LzztwdW-cwRPmrWhmx2PTLMaITbYqeiMEfeP5GjQ,https://serpapi.com/search.json?data_id=0xaed18c64d274b5%3A0x34f59f4a5415dacf&engine=google_maps_reviews&hl=pt,https://serpapi.com/search.json?data_id=0xaed18c64d274b5%3A0x34f59f4a5415dacf&engine=google_maps_photos&hl=pt,https://serpapi.com/search.json?engine=google_maps&google_domain=google.com&hl=pt&place_id=ChIJtXTSZIzRrgARz9oVVEqf9TQ,"Datas, MG",lojas_decoracao,2025-07-28T19:50:54.918324,COMPLETA
8,Frutsul,ChIJaTARI0PQrgARc1VTcwXprgU,0xaed04323113069:0x5aee90573535573,409520825756243315,/g/11cnwf7664,3,2,Loja de produtos naturais,Loja de produtos naturais,health_food_store,"R. Carlos Guedes, 10 - Centro, Datas - MG, 39130-000, Brasil",-18.443371499999998,-43.6596914,+55 38 3535-1119,http://frutsul.com.br/,,,,,,,"Cart√£o de cr√©dito, Cart√£o de d√©bito, Pagamentos por dispositivo m√≥vel via NFC",Entrega,,,https://lh3.googleusercontent.com/gps-cs-s/AC9h4no_aRpki3h7wQKAJ1EPY3WXDNf4xbRYSE0_RsNZKkKD4ubLjxPNV_2DZJOVhVdo0NJlTSOPgWyo0_ngt9su366Do4sgErlrM3UOxDQpwChXiVGyL-X0EDpkMzOqnSjBjfxdbqPd=w204-h92-k-no,https://serpapi.com/images/url/0-3ohXicBcHdboIwGADQJ6pU2mAw2YWzxAQUEDZEb4j8tQL2q7QE3PvtIfY2O-fvVxij9NayBkFWHIAPzaSbsQJpGmlWFTwtrjSqNNLWbu8KKqG4J6p_ELGZz8HOX3vxlVxyFrZ0KZNr6uEi0eEt6ANGp_LYLXGYFTa7-VEmshpw6A9faRTzyxtwIblx9UQchwHV3BuH8US-o4Wd1bwX-SM7vI8oxx5T_eknesm0--zapS5fcf0x25gi4dqoRxL-Aby_RRE,https://serpapi.com/search.json?data_id=0xaed04323113069%3A0x5aee90573535573&engine=google_maps_reviews&hl=pt,https://serpapi.com/search.json?data_id=0xaed04323113069%3A0x5aee90573535573&engine=google_maps_photos&hl=pt,https://serpapi.com/search.json?engine=google_maps&google_domain=google.com&hl=pt&place_id=ChIJaTARI0PQrgARc1VTcwXprgU,"Datas, MG",lojas_decoracao,2025-07-28T19:50:54.918324,COMPLETA
9,MADEIREIRA SILVA,ChIJIyyppODRrgARjeejSOLX2ag,0xaed1e0a4a92c23:0xa8d9d7e248a3e78d,12166993235199387533,/g/11t2cm_7z8,5,1,Loja de madeiras,Loja de madeiras,lumber_store,"R. Mestra Maria Eliza, 790, Datas - MG, 39130-000, Brasil",-18.4558222,-43.6555402,+55 38 99948-7693,,Fechado ‚ãÖ Abre ter. √†s 07:00,Fechado ‚ãÖ Abre ter. √†s 07:00,segunda-feira: 07:00‚Äì17:00; ter√ßa-feira: 07:00‚Äì17:00; quarta-feira: 07:00‚Äì17:00; quinta-feira: 07:00‚Äì17:00; sexta-feira: 07:00‚Äì17:00; s√°bado: 08:00‚Äì12:00; domingo: Fechado,,,,"Cart√£o de d√©bito, Pagamentos por dispositivo m√≥vel via NFC",Entrega,,,https://lh3.googleusercontent.com/p/AF1QipMRfusTmg_Go_B8zU8BafK8ZZ2hkNwvBFTG34Fi=w80-h106-k-no,https://serpapi.com/images/url/3EdcrnicuxmXUVJSUGylr5-TYayXnp-fnpNaWpxalJyfV5KaV6KXnJ-rX6Dv6GYYmFngG5RWWhySmx7vnh_vZFEVauGUmOZtERVllJHtV17m5BbibmzilmlbbmGgm2FoYKabrZuXDwCy2yE5,https://serpapi.com/search.json?data_id=0xaed1e0a4a92c23%3A0xa8d9d7e248a3e78d&engine=google_maps_reviews&hl=pt,https://serpapi.com/search.json?data_id=0xaed1e0a4a92c23%3A0xa8d9d7e248a3e78d&engine=google_maps_photos&hl=pt,https://serpapi.com/search.json?engine=google_maps&google_domain=google.com&hl=pt&place_id=ChIJIyyppODRrgARjeejSOLX2ag,"Datas, MG",lojas_decoracao,2025-07-28T19:50:54.918324,COMPLETA
10,Dep√≥sito Escarlett - Materiais para Constru√ß√£o,ChIJUfBrGNLRrgARGMUW8A28foI,0xaed1d2186bf051:0x827ebc0df016c518,9403159840044795160,/g/11r9tz6rsg,5,1,Loja de materiais de constru√ß√£o,Loja de materiais de constru√ß√£o,building_materials_store,"BR-259, 452, Datas - MG, 39130-000, Brasil",-18.4533371,-43.656338399999996,+55 38 99885-6782,,Fechado ‚ãÖ Abre ter. √†s 07:30,Fechado ‚ãÖ Abre ter. √†s 07:30,segunda-feira: 07:30‚Äì18:00; ter√ßa-feira: 07:30‚Äì18:00; quarta-feira: 07:30‚Äì18:00; quinta-feira: 07:30‚Äì18:00; sexta-feira: 07:30‚Äì18:00; s√°bado: 07:30‚Äì12:00; domingo: Fechado,,,,"Cart√£o de cr√©dito, Cart√£o de d√©bito",Entrega,,,https://lh3.googleusercontent.com/gps-cs-s/AC9h4np_CQSyo__Y_zuHkljtdBrInCl_lm3rLzJI0pIfKoWlBKgXdSDAyDqZUKF8Qfcu7-VuyDGrb_hJYBy7W0WuHgoRXZKDy5qHnHVGuNrVLwbvjIi_sOPtFNyENeo_0TYU5lBL2jOK=w122-h92-k-no,https://serpapi.com/images/url/mH2h0HicBcFJDoIwFADQE1UQNQ6JCwEVLMEREDdNRGzF2o8dNPV-HsLb-N7vy7Ru1cRxOOt1KADltVG1rEDoWuhOBQ-HtgpVCilnFoxZX7Qk2O4tEFKSj4nuvNEXX8Yi4IQ_ejL5rGK3ja8YCu5jerzsw5kNn6cML0bba2WGKDc2XMozYavSt8PCLUxEYXc84dAOnpGI8qVJZZ68z68mvhG13uhFaudpDcQ9lNmA-4nXrPH03fU8xMYeuiMBf420Ri8,https://serpapi.com/search.json?data_id=0xaed1d2186bf051%3A0x827ebc0df016c518&engine=google_maps_reviews&hl=pt,https://serpapi.com/search.json?data_id=0xaed1d2186bf051%3A0x827ebc0df016c518&engine=google_maps_photos&hl=pt,https://serpapi.com/search.json?engine=google_maps&google_domain=google.com&hl=pt&place_id=ChIJUfBrGNLRrgARGMUW8A28foI,"Datas, MG",lojas_decoracao,2025-07-28T19:50:54.918324,COMPLETA
11,Padaria S√£o Judas Tadeu,ChIJ19DdM8LRrgARUFR8qIsocRc,0xaed1c233ddd0d7:0x1771288ba87c5450,1689175915532932176,/g/11fjqj4sk9,4.6,22,Padaria,Padaria,bakery,"Av. J Magalh√£es Pinto, 100-144, Datas - MG, 39130-000, Brasil",-18.447268299999998,-43.6582848,+55 38 3535-1051,,Fecha em breve ‚ãÖ 20:00 ‚ãÖ Abre ter. √†s 06:00,Fecha em breve ‚ãÖ 20:00 ‚ãÖ Abre ter. √†s 06:00,segunda-feira: 06:00‚Äì20:00; ter√ßa-feira: 06:00‚Äì20:00; quarta-feira: 06:00‚Äì20:00; quinta-feira: 06:00‚Äì20:00; sexta-feira: 06:00‚Äì20:00; s√°bado: 06:00‚Äì20:00; domingo: 06:30‚Äì12:00,,,,"Cart√£o de cr√©dito, Cart√£o de d√©bito, Pagamentos por dispositivo m√≥vel via NFC",,,"""Padaria com muita variedade de produtos.""",https://lh3.googleusercontent.com/gps-cs-s/AC9h4no4kxLFlg-q1-6s2YVk0ap8y1WXhb9UDqdOn2_jpzzAqiRaaDjnO8E5YcnfAmpWflATeuV5HkICUCsgThqL6pCy4BX-OGI1KhjA8K_kaP8viHWVkB5eaDtJ9C1VSk8rjCtW8MFN6Q=w80-h142-k-no,https://serpapi.com/images/url/zhIqh3icBcFZEoIgAADQE5Fh6mAzfRC2L7ZqfTVkBIkBBq0X7Azdpvd-X-GcsW3Pq0SrwbXmFbtbdiu0cky5RqGvHjcWFBZYD5NYBEoH8jXtVxzUEETW32eySQ16w3wnjvE2qU-p8g-l-XxwfVlRmpQqRb1wX6gzvpr8XOENu2fhUI7Illi-EfU0MuQddHcgHYzgRJQYTQ6SLtDjMswz2Q0ZTdw4JjBbS3QricvRrD-Plp0nagIBAx9IoPQfUbdEhQ,https://serpapi.com/search.json?data_id=0xaed1c233ddd0d7%3A0x1771288ba87c5450&engine=google_maps_reviews&hl=pt,https://serpapi.com/search.json?data_id=0xaed1c233ddd0d7%3A0x1771288ba87c5450&engine=google_maps_photos&hl=pt,https://serpapi.com/search.json?engine=google_maps&google_domain=google.com&hl=pt&place_id=ChIJ19DdM8LRrgARUFR8qIsocRc,"Datas, MG",lojas_decoracao,2025-07-28T19:50:54.918324,COMPLETA
12,Mercearia e Sacol√£o Avenida,ChIJtQR85GfQrgARbIj8LryzBRU,0xaed067e47c04b5:0x1505b3bc2efc886c,1514814470503565420,/g/1th6g27x,3.9,21,Supermercado,Supermercado,supermarket,"Av. J Magalh√£es Pinto, 235, Datas - MG, 39130-000, Brasil",-18.448235,-43.659492,+55 38 99959-5859,,Fecha em breve ‚ãÖ 20:00 ‚ãÖ Abre ter. √†s 08:00,Fecha em breve ‚ãÖ 20:00 ‚ãÖ Abre ter. √†s 08:00,segunda-feira: 08:00‚Äì20:00; ter√ßa-feira: 08:00‚Äì20:00; quarta-feira: 08:00‚Äì20:00; quinta-feira: 08:00‚Äì20:00; sexta-feira: 08:00‚Äì20:00; s√°bado: 08:00‚Äì18:00; domingo: 08:00‚Äì12:00,,,,"Cart√£o de cr√©dito, Cart√£o de d√©bito, Cheques, Pagamentos por dispositivo m√≥vel via NFC",Entrega,,"""Lugar √≥timo com boa variedades""",https://streetviewpixels-pa.googleapis.com/v1/thumbnail?panoid=n3N0YhFdQ-MJbL23h86N0Q&cb_client=search.gws-prod.gps&w=80&h=92&yaw=165.026&pitch=0&thumbfov=100,https://serpapi.com/images/url/5wjX9HicHc1BDsIgEADA33ATtm1sqsnGmwejTXr0ZChFloQCKVj0M_7L32j8wMznTTnHtBci5UXrvFpdon1qlzZRchOCcVpGm7gKs1grkekxj15ad4jSBzuhb3q40nEaNpfTeK4b6toeBqbGm3JW-4xJy0URN-UnLmHiJiZWsANGuKvZSxas2i2HumXRZkUI7H_cw4oVwBerXjfx,https://serpapi.com/search.json?data_id=0xaed067e47c04b5%3A0x1505b3bc2efc886c&engine=google_maps_reviews&hl=pt,https://serpapi.com/search.json?data_id=0xaed067e47c04b5%3A0x1505b3bc2efc886c&engine=google_maps_photos&hl=pt,https://serpapi.com/search.json?engine=google_maps&google_domain=google.com&hl=pt&place_id=ChIJtQR85GfQrgARbIj8LryzBRU,"Datas, MG",lojas_decoracao,2025-07-28T19:50:54.918324,COMPLETA
13,Cart√£o Vale Datas,ChIJR_QSSY7RrgAR2QgiSAS3rho,0xaed18e4912f447:0x1aaeb704482208d9,1922675319951722713,/g/11xm729v3t,,0,Loja de descontos,Loja de descontos,discount_store,"Av. Jos√© de Magalh√£es Pinto, 198A, Datas - MG, 39130-000, Brasil",-18.4474362,-43.658315099999996,+55 38 99910-8928,http://www.meucartaovale.com.br/,Fechado ‚ãÖ Abre ter. √†s 08:00,Fechado ‚ãÖ Abre ter. √†s 08:00,"segunda-feira: 08:00‚Äì12:00, 13:00‚Äì17:00; ter√ßa-feira: 08:00‚Äì12:00, 13:00‚Äì17:00; quarta-feira: 08:00‚Äì12:00, 13:00‚Äì17:00; quinta-feira: 08:00‚Äì12:00, 13:00‚Äì17:00; sexta-feira: 08:00‚Äì12:00, 13:00‚Äì17:00; s√°bado: 08:00‚Äì12:00; domingo: Fechado",,,,,,,,https://lh3.googleusercontent.com/p/AF1QipNGajVs5MEmbydS7AA7J2nijxegqvV-eFEAVXS8=w80-h106-k-no,https://serpapi.com/images/url/JIQRenicuxmXUVJSUGylr5-TYayXnp-fnpNaWpxalJyfV5KaV6KXnJ-rX6Dv6GYYmFng556YFVZs6uuam1SZEmzu6GjuZZSXmVWRml5YFqab6ubqGBYRbGFbbmGgm2FoYKabrZuXDwCqDCEq,https://serpapi.com/search.json?data_id=0xaed18e4912f447%3A0x1aaeb704482208d9&engine=google_maps_reviews&hl=pt,https://serpapi.com/search.json?data_id=0xaed18e4912f447%3A0x1aaeb704482208d9&engine=google_maps_photos&hl=pt,https://serpapi.com/search.json?engine=google_maps&google_domain=google.com&hl=pt&place_id=ChIJR_QSSY7RrgAR2QgiSAS3rho,"Datas, MG",lojas_decoracao,2025-07-28T19:50:54.918324,COMPLETA
14,Infor Cell TECNOLOGIA,ChIJv5zqPA7RrgARJdfnI2M83Uw,0xaed10e3cea9cbf:0x4cdd3c6323e7d725,5538649513237403429,/g/11fj7zrnrf,5,7,Loja de Inform√°tica,Loja de Inform√°tica,computer_store,"R. Francisco Rocha Freire, 101A - Centro, Datas - MG, 39130-000, Brasil",-18.4468714,-43.6592621,+55 38 99723-7353,,Fechado ‚ãÖ Abre ter. √†s 08:00,Fechado ‚ãÖ Abre ter. √†s 08:00,segunda-feira: 08:00‚Äì18:00; ter√ßa-feira: 08:00‚Äì18:00; quarta-feira: 08:00‚Äì18:00; quinta-feira: 08:00‚Äì18:00; sexta-feira: 08:00‚Äì18:00; s√°bado: 08:00‚Äì12:00; domingo: Fechado,,,,"Cart√£o de cr√©dito, Cart√£o de d√©bito, Pagamentos por dispositivo m√≥vel via NFC","Entrega, Retirada na loja",,"""Melhor atendimento pessoas capacitadas""",https://lh3.googleusercontent.com/p/AF1QipNROwchD2fxrcUAvezpsucCkraYu8xuhCe61l8F=w164-h92-k-no,https://serpapi.com/images/url/0Vnly3icuxmXUVJSUGylr5-TYayXnp-fnpNaWpxalJyfV5KaV6KXnJ-rX6Dv6GYYmFngF-RfnpzhYpRWUZQc6liWWlVQXJrsnF2UGFlqUVGa4ZxqZphj4WZbbmhmopthaaSbrZuXDwDSqyJS,https://serpapi.com/search.json?data_id=0xaed10e3cea9cbf%3A0x4cdd3c6323e7d725&engine=google_maps_reviews&hl=pt,https://serpapi.com/search.json?data_id=0xaed10e3cea9cbf%3A0x4cdd3c6323e7d725&engine=google_maps_photos&hl=pt,https://serpapi.com/search.json?engine=google_maps&google_domain=google.com&hl=pt&place_id=ChIJv5zqPA7RrgARJdfnI2M83Uw,"Datas, MG",lojas_decoracao,2025-07-28T19:50:54.918324,COMPLETA
15,Igreja Matriz Do Divino Espirito Santo,ChIJfcM4r13QrgARc3Tb17SbL9E,0xaed05daf38c37d:0xd12f9bb4d7db7473,15073437678850241651,/g/11csb19ncc,4.9,72,Igreja,Igreja,church,"Av. Floren√ßo Marqu√™s, 1-17, Datas - MG, 39130-000, Brasil",-18.4473181,-43.658602099999996,,,,,,,,"Entrada com acessibilidade para pessoas em cadeira de rodas, Estacionamento com acessibilidade para pessoas em cadeira de rodas",,,,"""Muito bonita, ambiente acolhedor e tranquilo.""",https://lh3.googleusercontent.com/gps-cs-s/AC9h4nqOXy5goMh9kzVDHKVxSUolaxHdeF2kdXsqwjI-z9fzumK58z9Td-udAAPQKU_z_Kg5XeQb1qm6BUM2jnr7h_XpCGAkRx1qKMasQUtxwM5896vb3fVvmCmTLLkAudpEN3sMzt6fvQ=w122-h92-k-no,https://serpapi.com/images/url/cBK4l3icBcFdboMgAADgE1EjTleW7IG5tV0o29yq8c20gpAioAV_xgV3ht2m3_f_J70f3FMU9TLZCGtFzyfHb601nhu_aa2OxOBA64CLcI7kgxk_699UWCqRCtXrgVTrT2n783pgfAcVq924XN9BQF2YNEm3AZ0YmBjGXwUpm9AQkda8uMSjzl5KCq_m9iibesj3WH2v8Ujo2RWlXxeablE2X5KumnWuT8ejwhMb3j4SR4PPurl4XmIIgUQQKGDsHeJURqA,https://serpapi.com/search.json?data_id=0xaed05daf38c37d%3A0xd12f9bb4d7db7473&engine=google_maps_reviews&hl=pt,https://serpapi.com/search.json?data_id=0xaed05daf38c37d%3A0xd12f9bb4d7db7473&engine=google_maps_photos&hl=pt,https://serpapi.com/search.json?engine=google_maps&google_domain=google.com&hl=pt&place_id=ChIJfcM4r13QrgARc3Tb17SbL9E,"Datas, MG",lojas_decoracao,2025-07-28T19:50:54.918324,COMPLETA
16,JRM Distribuidora de Bebidas,ChIJE2Pk0j7RrgAREDE02HhJhaY,0xaed13ed2e46313:0xa6854978d8343110,11999077565570756880,/g/11sycrg02k,5,1,Supermercado,Supermercado,supermarket,"Av Flor√™ncio Marques, 145 - Centro, Datas - MG, 39130-000, Brasil",-18.446113999999998,-43.6587933,+55 31 99804-9040,,Fechado ‚ãÖ Abre ter. √†s 09:00,Fechado ‚ãÖ Abre ter. √†s 09:00,segunda-feira: Fechado; ter√ßa-feira: 09:00‚Äì19:00; quarta-feira: 09:00‚Äì19:00; quinta-feira: 09:00‚Äì19:00; sexta-feira: 09:00‚Äì20:00; s√°bado: 09:00‚Äì20:00; domingo: 09:00‚Äì14:00,,,,"Cart√£o de cr√©dito, Cart√£o de d√©bito, Pagamentos por dispositivo m√≥vel via NFC",Entrega,,,https://lh3.googleusercontent.com/p/AF1QipO-wBvyM7vCDeN63hCuCEstvX6V1QAzGa5qvMH3=w80-h111-k-no,https://serpapi.com/images/url/u_-QQnicuxmXUVJSUGylr5-TYayXnp-fnpNaWpxalJyfV5KaV6KXnJ-rX6Dv6GYYmFngr1vuVFbpa17m7JLqZ2ac4Vzq7FpcUhZhFmYY6FjlnmhaWObrYWxbbmGgm2FoaKibrZuXDwCgASDl,https://serpapi.com/search.json?data_id=0xaed13ed2e46313%3A0xa6854978d8343110&engine=google_maps_reviews&hl=pt,https://serpapi.com/search.json?data_id=0xaed13ed2e46313%3A0xa6854978d8343110&engine=google_maps_photos&hl=pt,https://serpapi.com/search.json?engine=google_maps&google_domain=google.com&hl=pt&place_id=ChIJE2Pk0j7RrgAREDE02HhJhaY,"Datas, MG",lojas_decoracao,2025-07-28T19:50:54.918324,COMPLETA
17,Datas,ChIJgURHMVzQrgAR9bZNEUCe45U,0xaed05c31474481:0x95e39e40114db6f5,10800650329369982709,/g/1ywtx39l_,,0,,,,"MG, 39130-000, Brasil",-18.4474362,-43.658315099999996,,http://www.datas.mg.gov.br/site/,,,,,,,,,,,https://lh3.googleusercontent.com/gps-cs-s/AC9h4npwtUjrZXagxTN2hSrinFD-XYKtW9-KIUxuNwi6XfH1u_5V_G05AXGlP4xsFmAU_9jv2752ALJJsLEnHJEzDa8FMNhmt1M7UhLY3vnEk6jngJ-uU4ROTHN4-l9ULWZCeIJyqb5tXg=w122-h92-k-no,https://serpapi.com/images/url/wROuD3icBcFbjoIwFADQFV2RCmpN_CAKYnmMUTtWf4gSphWhZWgRxg26Bncz53zewphGLyyrEpMRV4pXRaeLNlfSFNKMclVbvNGQa9CWt8LCkU1vaNle2JUPxxSJQ3uXwRrYOTInDNGWDl3a36fsJ7S7zP3ONmPXY5tq5ww6qD2a4fKJZi7yYkJ07MuQ-K_1dR4kqaiNncyoiM-Tp_Qf01JyAh119l_HMHWgwjQ-XVbFlvz93lzD-LK3EQKBETxAqn82XEQo,https://serpapi.com/search.json?data_id=0xaed05c31474481%3A0x95e39e40114db6f5&engine=google_maps_reviews&hl=pt,https://serpapi.com/search.json?data_id=0xaed05c31474481%3A0x95e39e40114db6f5&engine=google_maps_photos&hl=pt,https://serpapi.com/search.json?engine=google_maps&google_domain=google.com&hl=pt&place_id=ChIJgURHMVzQrgAR9bZNEUCe45U,"Datas, MG",lojas_decoracao,2025-07-28T19:50:54.918324,COMPLETA
18,Mister Parafusos,ChIJzzH_obnRrgARlk2BPX69gBY,0xaed1b9a1ff31cf:0x1680bd7e3d814d96,1621504215748791702,/g/11r3m9v45k,,0,Fornecedora de parafusos,"Fornecedora de parafusos, Loja de ferramentas",screw_supplier,"Avenida Flor√™ncio Marques, 127B - Centro, Datas - MG, 39130-000, Brasil",-18.448234799999998,-43.6594921,+55 38 99746-2711,https://www.facebook.com/Mister-Parafusos-107713091394964,Fechado ‚ãÖ Abre ter. √†s 07:00,Fechado ‚ãÖ Abre ter. √†s 07:00,segunda-feira: 07:00‚Äì18:00; ter√ßa-feira: 07:00‚Äì18:00; quarta-feira: 07:00‚Äì18:00; quinta-feira: 07:00‚Äì18:00; sexta-feira: 07:00‚Äì18:00; s√°bado: 07:00‚Äì12:00; domingo: Fechado,,,,,,,,https://streetviewpixels-pa.googleapis.com/v1/thumbnail?panoid=n3N0YhFdQ-MJbL23h86N0Q&cb_client=search.gws-prod.gps&w=80&h=92&yaw=165.03247&pitch=0&thumbfov=100,https://serpapi.com/images/url/iyngC3icHc3BDcIgFADQbbgVaKu1mpDePBht0qMnQynCTyiQ8i26jWu5jcYF3vu8LWJMB8YSLlrjCjpHeGqXiiipCcE4LSMkqsLM1pKhfcyjl-C6KH2ASfi651d7nIbichrPVW3bpucDUeNNOdAeRdJyUZaa_BOXMFETE8mi5cSKfUVeMouy2VJeV5sdiYDKCk7-yz2souT8CxecOFs,https://serpapi.com/search.json?data_id=0xaed1b9a1ff31cf%3A0x1680bd7e3d814d96&engine=google_maps_reviews&hl=pt,https://serpapi.com/search.json?data_id=0xaed1b9a1ff31cf%3A0x1680bd7e3d814d96&engine=google_maps_photos&hl=pt,https://serpapi.com/search.json?engine=google_maps&google_domain=google.com&hl=pt&place_id=ChIJzzH_obnRrgARlk2BPX69gBY,"Datas, MG",lojas_decoracao,2025-07-28T19:50:54.918324,COMPLETA
19,Outra Padaria,ChIJhx9Z8pfRrgARTFi7IpR6wGo,0xaed197f2591f87:0x6ac07a9422bb584c,7692282940205258828,/g/11k9fsj9dc,5,1,Padaria,Padaria,bakery,"Av. Jose Magalhaes Pinto, 141, Datas - MG, 39130-000, Brasil",-18.4478093,-43.6611811,,,,,,,,,,,,,https://streetviewpixels-pa.googleapis.com/v1/thumbnail?panoid=9Dkf4Hht7rDXKAZ99wDrWw&cb_client=search.gws-prod.gps&w=80&h=92&yaw=265.6198&pitch=0&thumbfov=100,https://serpapi.com/images/url/uOULSHicHc1RCsIgGADg2_iWulFrBj8R7CHoAEUv4ZxTyU3Rv1mn6VzdpugC3_d5W8SYd4xlTFrj4nSJ7ql9XkVJTQjGaxldpipMbKkY2sfUz9L5fZRzcAOI7j6ujxa3qbucDlchSpfOhaj-przTM0LWMilLTfmJKQzUxEwKtJxYEDV5yQJ1s6FNJVoSHSoLnPyTMSxQcf4FKno5Gg,https://serpapi.com/search.json?data_id=0xaed197f2591f87%3A0x6ac07a9422bb584c&engine=google_maps_reviews&hl=pt,https://serpapi.com/search.json?data_id=0xaed197f2591f87%3A0x6ac07a9422bb584c&engine=google_maps_photos&hl=pt,https://serpapi.com/search.json?engine=google_maps&google_domain=google.com&hl=pt&place_id=ChIJhx9Z8pfRrgARTFi7IpR6wGo,"Datas, MG",lojas_decoracao,2025-07-28T19:50:54.918324,COMPLETA
20,Hospital S√£o Vicente de Paula de Datas,ChIJtQR85GfQrgARr-OvBheSFaU,0xaed067e47c04b5:0xa515921706afe3af,11895574618363126703,/g/1tcyyn_y,5,3,Hospital particular,Hospital particular,private_hospital,"R. Francisco Tameir√£o, 145, Datas - MG, 39130-000, Brasil",-18.447862699999998,-43.6569155,+55 38 3535-1133,,,,,,,"Entrada com acessibilidade para pessoas em cadeira de rodas, Estacionamento com acessibilidade para pessoas em cadeira de rodas",,,,,https://streetviewpixels-pa.googleapis.com/v1/thumbnail?panoid=pTkECubMTB78lzghcyG5mg&cb_client=search.gws-prod.gps&w=80&h=92&yaw=10.41459&pitch=0&thumbfov=100,https://serpapi.com/images/url/8wa1P3icHc1BCsIwEEDR22RnkkqLrRAERVy5617SGJPBtBmaaWO9jOfyNhbXH97_fjwRpr0QiUZraQabEV42pA1q7mJ0wWqExE3sxVwI8lPfDRrCAfUQ4a6wfZ5PU3dtj7s6vJ03y6XqHTPdzQSwA6lk9Wg8d3kVx3jnDhPLqpbMq2bLFp1VIXlZlFXDEMh4Jdl_8ojzWuQPVo05kA,https://serpapi.com/search.json?data_id=0xaed067e47c04b5%3A0xa515921706afe3af&engine=google_maps_reviews&hl=pt,https://serpapi.com/search.json?data_id=0xaed067e47c04b5%3A0xa515921706afe3af&engine=google_maps_photos&hl=pt,https://serpapi.com/search.json?engine=google_maps&google_domain=google.com&hl=pt&place_id=ChIJtQR85GfQrgARr-OvBheSFaU,"Datas, MG",lojas_decoracao,2025-07-28T19:50:54.918324,COMPLETA
2,J√∫lia Modas e Acess√≥rios,ChIJeeknp13QrgAREsRZlCXJpxA,0xaed05da727e979:0x10a7c9259459c412,1200148988957410322,/g/11lnp24spf,,0,Loja de Roupa,Loja de Roupa,clothing_store,"Av. J Magalh√£es Pinto, Datas - MG, 39130-000, Brasil",-18.4472137,-43.6582618,,,,,,,,,"Cart√£o de cr√©dito, Cart√£o de d√©bito",,,,https://streetviewpixels-pa.googleapis.com/v1/thumbnail?panoid=TQnCzE3NXv6Zjf_2V7gsOw&cb_client=search.gws-prod.gps&w=80&h=92&yaw=72.61857&pitch=0&thumbfov=100,https://serpapi.com/images/url/kDjz8HicHc1RCsIgGADg2_iWukXbCn72EL0WQUT0MpxzajiVaVpdpnN1m6ILfN_nrWL0YUNIiLMQMWmRvX4IExaeYemcNIJ5HTB3E0kFieo-9ZZp03pmnR7gdLTb1265v6Tqehu78lzLcMiI9x03WtgIQbCZKyzzT5zdgKUPKENDkYJ1iZ4sQ13iqmhWNfI6cgUU_ZPRJSgo_QJCGzld,https://serpapi.com/search.json?data_id=0xaed05da727e979%3A0x10a7c9259459c412&engine=google_maps_reviews&hl=pt,https://serpapi.com/search.json?data_id=0xaed05da727e979%3A0x10a7c9259459c412&engine=google_maps_photos&hl=pt,https://serpapi.com/search.json?engine=google_maps&google_domain=google.com&hl=pt&place_id=ChIJeeknp13QrgAREsRZlCXJpxA,"Datas, MG",lojas_decoracao,2025-07-28T19:50:56.492833,COMPLETA
3,Drogaria Mais Sa√∫de,ChIJ09cAO63RrgARJ87DBcM_foc,0xaed1ad3b00d7d3:0x877e3fc305c3ce27,9763311149033704999,/g/11t9_lv22s,5,17,Drogaria,Drogaria,drugstore,"R. Francisco Tameir√£o, 150 - Centro, Datas - MG, 39130-000, Brasil",-18.448030199999998,-43.6569153,+55 38 99830-3777,,Aberto ‚ãÖ Fecha √†s 21:00,Aberto ‚ãÖ Fecha √†s 21:00,segunda-feira: 07:00‚Äì21:00; ter√ßa-feira: 07:00‚Äì21:00; quarta-feira: 07:00‚Äì21:00; quinta-feira: 07:00‚Äì21:00; sexta-feira: 07:00‚Äì21:00; s√°bado: 07:00‚Äì21:00; domingo: 14:00‚Äì18:00,,,,"Cart√£o de cr√©dito, Cart√£o de d√©bito, Pagamentos por dispositivo m√≥vel via NFC","Entrega, Retirada na loja",,,https://lh3.googleusercontent.com/p/AF1QipMUyPG1jkiegyA7MC93gsZPVESzfUs9cJCrY7Fr=w163-h92-k-no,https://serpapi.com/images/url/4q5MPXicuxmXUVJSUGylr5-TYayXnp-fnpNaWpxalJyfV5KaV6KXnJ-rX6Dv6GYYmFngG1oZ4G6YlZ2Zml7paO7rbGmcXhwVEOYaXJUWWmyZ7OVcFGnuVmRbbmhmrJthaaSbrZuXDwCsTSFT,https://serpapi.com/search.json?data_id=0xaed1ad3b00d7d3%3A0x877e3fc305c3ce27&engine=google_maps_reviews&hl=pt,https://serpapi.com/search.json?data_id=0xaed1ad3b00d7d3%3A0x877e3fc305c3ce27&engine=google_maps_photos&hl=pt,https://serpapi.com/search.json?engine=google_maps&google_domain=google.com&hl=pt&place_id=ChIJ09cAO63RrgARJ87DBcM_foc,"Datas, MG",lojas_decoracao,2025-07-28T19:50:56.492833,COMPLETA
4,Cartorio De Notas - Datas,ChIJJazps13QrgARGkvXZpmNrPo,0xaed05db3e9ac25:0xfaac8d9966d74b1a,18062967895471115034,/g/11g6z5b9jq,3.9,11,Cart√≥rio de Registro Civil,Cart√≥rio de Registro Civil,registry_office,"Av. Floren√ßo Marqu√™s, 63 - 109, Datas - MG, 39130-000, Brasil",-18.4477106,-43.658868299999995,+55 38 3535-1048,,Fechado ‚ãÖ Abre ter. √†s 08:00,Fechado ‚ãÖ Abre ter. √†s 08:00,"segunda-feira: 08:00‚Äì12:00, 13:00‚Äì17:00; ter√ßa-feira: 08:00‚Äì12:00, 13:00‚Äì17:00; quarta-feira: 08:00‚Äì12:00, 13:00‚Äì17:00; quinta-feira: 08:00‚Äì12:00, 13:00‚Äì17:00; sexta-feira: 08:00‚Äì12:00, 13:00‚Äì16:30; s√°bado: Fechado; domingo: Fechado",,,Entrada com acessibilidade para pessoas em cadeira de rodas,,,,,https://lh3.googleusercontent.com/gps-cs-s/AC9h4nqMGLGgOVHudyr4hOaHm_Qh_J7tpoy9JeoGHZkUYgQ-JL2_2ycJ1pDoyIo9BwblCGoJSD1-9xDMEV4w4VxdJqktQj72h545HRffBf6RnxhlMP7Mdc-XrnA49AYey9PqNWj8l4E=w117-h92-k-no,https://serpapi.com/images/url/Kq5o5XicBcFRboIwGADgExUC1rGa-IBiYI1M0YhzL2QrpQ3U_kBroPfzEt7G73s9pbW9Wfm-kgtPAAjFH4aPDLTl2noM7r7oDWIGGT_eEon1kKf7VBzK7FG7EcvDX3avClnRyPbgCOWQZr_d5SYKRPdhFTpGgz4B9wVkM_2rbQr0nASIzEm-K_GEy7mmQ2eLNgrlEi-zU9Nsmo-TnqXKj1FeM_Qz6hiT-MYdOQ7f1_ZT4d16CoIISRKiDml4A4PEQ40,https://serpapi.com/search.json?data_id=0xaed05db3e9ac25%3A0xfaac8d9966d74b1a&engine=google_maps_reviews&hl=pt,https://serpapi.com/search.json?data_id=0xaed05db3e9ac25%3A0xfaac8d9966d74b1a&engine=google_maps_photos&hl=pt,https://serpapi.com/search.json?engine=google_maps&google_domain=google.com&hl=pt&place_id=ChIJJazps13QrgARGkvXZpmNrPo,"Datas, MG",lojas_decoracao,2025-07-28T19:50:56.492833,COMPLETA
5,KADOSHY CAL√áADOS,ChIJDaQzEF3QrgAR-9aMdyczMl4,0xaed05d1033a40d:0x5e323327778cd6fb,6787543833003218683,/g/11w8qqytyr,,0,Loja de cal√ßado,Loja de cal√ßado,shoe_store,"Av. J Magalh√£es Pinto, Datas - MG, 39130-000, Brasil",-18.4463764,-43.6583849,,,,,,,,,"Cart√£o de cr√©dito, Cart√£o de d√©bito",,,,https://streetviewpixels-pa.googleapis.com/v1/thumbnail?panoid=YdPprsrROgqRdy2la5FGVQ&cb_client=search.gws-prod.gps&w=80&h=92&yaw=68.564735&pitch=0&thumbfov=100,https://serpapi.com/images/url/HgY9FHicHc3BDcIgFADQbbgJtNpaTYg3Pao9mHgyFBBIaPkCgt3GtdxG4wLvfd4mJYhbQmIKSqVsVQH7Ui4ugGPtvXaKg41Y-JHkiiTzHIeJW7cDPnkr2VWeIMTQH_Wjl3PteLM_XM5IDDfhrJoSi4oHYbAuPzF4iTVEVFhHkWGbGs28sLbDTbtaLxsENgnDKPovd59ZRekXoUA5-A,https://serpapi.com/search.json?data_id=0xaed05d1033a40d%3A0x5e323327778cd6fb&engine=google_maps_reviews&hl=pt,https://serpapi.com/search.json?data_id=0xaed05d1033a40d%3A0x5e323327778cd6fb&engine=google_maps_photos&hl=pt,https://serpapi.com/search.json?engine=google_maps&google_domain=google.com&hl=pt&place_id=ChIJDaQzEF3QrgAR-9aMdyczMl4,"Datas, MG",lojas_decoracao,2025-07-28T19:50:56.492833,COMPLETA
6,Drogaria Innovare Rede Inova,ChIJv7OUhqTRrgARouu-ghxo-zA,0xaed1a48694b3bf:0x30fb681c82beeba2,3529529204636838818,/g/11qqr54tqy,3,2,Drogaria,Drogaria,drugstore,"Avenida Jos√© Magalhaes Pinto, 170, Centro, Datas - MG, 39130-000, Brasil",-18.444703099999998,-43.6588895,+55 38 99949-4266,,Fecha em breve ‚ãÖ 20:00 ‚ãÖ Abre ter. √†s 08:00,Fecha em breve ‚ãÖ 20:00 ‚ãÖ Abre ter. √†s 08:00,segunda-feira: 08:00‚Äì20:00; ter√ßa-feira: 08:00‚Äì20:00; quarta-feira: 08:00‚Äì20:00; quinta-feira: 08:00‚Äì20:00; sexta-feira: 08:00‚Äì20:00; s√°bado: 08:00‚Äì20:00; domingo: 08:00‚Äì12:00,,,,"Cart√£o de cr√©dito, Cart√£o de d√©bito, Pagamentos por dispositivo m√≥vel via NFC","Entrega, Retirada na loja, Compras na loja",,,https://lh3.googleusercontent.com/gps-cs-s/AC9h4npgSdm82U70O2pqwmwrhzvTexebo2rX3qSzOznrqWw6JFgCiqISflaCzmoN8FHqXNkLPnmsz42TN7gZ4WpXEGlnrUtxxUiNhCLw5Vw1xtmp7LlpnSZ28CQdZUo9YUKZ0lRdM5g9=w122-h92-k-no,https://serpapi.com/images/url/JnHxKHicBcFdboIwAADgE1W0osCSPZhGNx1DHVaRN4XaGvvfaknvt0PsNvu-v1_mvXZvScLZdESVopw8HbGdkp5IP-qUSKh2oHPAJQtUsFRqWvcihzgbb6E2QQTL4utABnJV0DZTU8dtlNacwnyzouhu1vWNX1AUqspXn6apHuVOChdTeKgy2qYn3Sw_uLTYDwO-VwyVYXYMk8ELnZVcy7qFOdr3LVbFGX-1Y_7Tf89o8R4mEAJWQPAAUv0DuVlGpA,https://serpapi.com/search.json?data_id=0xaed1a48694b3bf%3A0x30fb681c82beeba2&engine=google_maps_reviews&hl=pt,https://serpapi.com/search.json?data_id=0xaed1a48694b3bf%3A0x30fb681c82beeba2&engine=google_maps_photos&hl=pt,https://serpapi.com/search.json?engine=google_maps&google_domain=google.com&hl=pt&place_id=ChIJv7OUhqTRrgARouu-ghxo-zA,"Datas, MG",lojas_decoracao,2025-07-28T19:50:56.492833,COMPLETA
7,SUPERMERCADO S√ÉO LUIZ,ChIJC9r5ic7RrgARiFkWKvyNggI,0xaed1ce89f9da0b:0x2828dfc2a165988,180863049225623944,/g/11rj4y88_l,4.5,23,Supermercado,Supermercado,supermarket,"Avenida Florencio Marques - Centro, Datas - MG, 39130-000, Brasil",-18.4479042,-43.6600896,+55 38 99949-7695,,Fecha em breve ‚ãÖ 20:00 ‚ãÖ Abre ter. √†s 07:30,Fecha em breve ‚ãÖ 20:00 ‚ãÖ Abre ter. √†s 07:30,segunda-feira: 07:30‚Äì20:00; ter√ßa-feira: 07:30‚Äì20:00; quarta-feira: 07:30‚Äì20:00; quinta-feira: 07:30‚Äì20:00; sexta-feira: 07:30‚Äì20:00; s√°bado: 07:30‚Äì20:00; domingo: 07:30‚Äì12:00,,,"Entrada com acessibilidade para pessoas em cadeira de rodas, Estacionamento com acessibilidade para pessoas em cadeira de rodas","Cart√£o de cr√©dito, Cart√£o de d√©bito, Pagamentos por dispositivo m√≥vel via NFC, Pluxee","Entrega sem contato, Entrega",,,https://lh3.googleusercontent.com/gps-cs-s/AC9h4npqgcbKiyl61o_JR4pB_Nw54TZSgHegMJkdRm6gFrOZYixVYK539P6jE9dBenVwCKAxsF7-WmdCxZPJGLXFPorLKxLhumDx5FRYZJpBQmciJnf51V7qAW9dnH9GRSBWI1g5cDLe=w80-h106-k-no,https://serpapi.com/images/url/XXAVY3icBcFdboIwAADgE1UgUrRLfAAUXWGKuMDghcTStSj9kWKoB_QQu82-7-_Np0mbD8cZ-HLBlGIDfRo6EiUnKqcFUcJh2gBigHHCGHFf6gcj17R_DYGnWlz4OmqPM_S_mws7UPaF710hApaMp6bubVmncIny4LZDXURlOcdpaE2yApXoYtvkeJ_9JLkas9Rm_Cm2FiZF3WAdnQXpsfyFXrl6hBXq5AHti0tUfXoMkm1GN_PaBdxzA3AHUv0D0n1D7g,https://serpapi.com/search.json?data_id=0xaed1ce89f9da0b%3A0x2828dfc2a165988&engine=google_maps_reviews&hl=pt,https://serpapi.com/search.json?data_id=0xaed1ce89f9da0b%3A0x2828dfc2a165988&engine=google_maps_photos&hl=pt,https://serpapi.com/search.json?engine=google_maps&google_domain=google.com&hl=pt&place_id=ChIJC9r5ic7RrgARiFkWKvyNggI,"Datas, MG",lojas_decoracao,2025-07-28T19:50:56.493831,COMPLETA
9,GG sobrancelhas,ChIJNx5UHZPRrgARm63k3Jy3uo8,0xaed1931d541e37:0x8fbab79cdce4ad9b,10356792177440632219,/g/11j1cwz_18,5,2,Sal√£o de Beleza,Sal√£o de Beleza,beauty_salon,"R. Jos√© Eus√©bio, 38, Datas - MG, 39130-000, Brasil",-18.444631299999998,-43.658237799999995,+55 38 99969-6809,,Fechado ‚ãÖ Abre ter. √†s 09:00,Fechado ‚ãÖ Abre ter. √†s 09:00,segunda-feira: 09:00‚Äì19:00; ter√ßa-feira: 09:00‚Äì19:00; quarta-feira: 09:00‚Äì19:00; quinta-feira: 09:00‚Äì19:00; sexta-feira: 09:00‚Äì19:00; s√°bado: 09:00‚Äì19:00; domingo: Fechado,,,,,,,,https://lh3.googleusercontent.com/gps-cs-s/AC9h4nqDobCBz4IeS1TaNSs4Tk0ZGyUT5Byf41YXkqB9KUMyjHdCF4toov26GYLrTdeUxm_PDFXYXd493cu3a087m8j-dBV05GmhkQ5uaKlwz7jAPhsNtQU-X4koLXA5z1gqJQ-wMrU8kg=w113-h92-k-no,https://serpapi.com/images/url/N5TX93icBcHdboIwGADQJ6pQKRNMdgEY8T8SqSneLAy6NhT4hBYZvKDPsLfZOX9vacxTry2rls5CAIiaD5r3BbSGt2ZRQGOJp0aFRtoKIl-SttvAdxTOZM9vOM0vN01SZT_iiaZuOP0QnDHVhf6RnqdqV0ZbYgBey484O_Vpyelv83XdbFnGSuI7xeDktrdqvAqV4d1240aqxB3yYz3Oqyq4Sn0xCUWMKDixwJ2x6A4JGs899ZT4HDF2kPSXSKEW_gH9DUQ4,https://serpapi.com/search.json?data_id=0xaed1931d541e37%3A0x8fbab79cdce4ad9b&engine=google_maps_reviews&hl=pt,https://serpapi.com/search.json?data_id=0xaed1931d541e37%3A0x8fbab79cdce4ad9b&engine=google_maps_photos&hl=pt,https://serpapi.com/search.json?engine=google_maps&google_domain=google.com&hl=pt&place_id=ChIJNx5UHZPRrgARm63k3Jy3uo8,"Datas, MG",lojas_decoracao,2025-07-28T19:50:56.493831,COMPLETA
10,J√∫nia Servi√ßos,ChIJz6eSszrRrgARWZ9hVTqWyNs,0xaed13ab392a7cf:0xdbc8963a55619f59,15837073266933079897,/g/11n78yh_x6,5,1,Servi√ßos de informa√ß√£o,Servi√ßos de informa√ß√£o,information_services,"Rua mestra Vicentina √Åvila, Datas - MG, 39130-000, Brasil",-18.4491995,-43.6595047,,,,,,,,,,,,,https://streetviewpixels-pa.googleapis.com/v1/thumbnail?panoid=01UwEbo-F4iWtSyB9uXlQw&cb_client=search.gws-prod.gps&w=80&h=92&yaw=245.71127&pitch=0&thumbfov=100,https://serpapi.com/images/url/xnPGSXicHc3dCsIgGADQt_Fu_ozFWiBBUPcRUXfhnOkHbsr8pu1teq3epugFzvm8HWJMO8YSzsZgBlMivIxPVVTUhmC9URES1WFkWTB0y9hPCvw-qinAILm4lmMfqlMDN7ysh265-3Mhun9oD2ZCmYyataO2_MQ5DNTGRIrccuJkV5NVFVk3G9oKUbckAmonOfkvz5Cl4PwLa5Q5aw,https://serpapi.com/search.json?data_id=0xaed13ab392a7cf%3A0xdbc8963a55619f59&engine=google_maps_reviews&hl=pt,https://serpapi.com/search.json?data_id=0xaed13ab392a7cf%3A0xdbc8963a55619f59&engine=google_maps_photos&hl=pt,https://serpapi.com/search.json?engine=google_maps&google_domain=google.com&hl=pt&place_id=ChIJz6eSszrRrgARWZ9hVTqWyNs,"Datas, MG",lojas_decoracao,2025-07-28T19:50:56.493831,COMPLETA
11,PADARIA P√ÉO NOSSO,ChIJG5thtsbXrgARSzEDz6knY5I,0xaed7c6b6619b1b:0x926327a9cf03314b,10548318362507882827,/g/11h1yf8rt_,4,2,Padaria,Padaria,bakery,"AV. PADRE AFONSO LIG√ìRIO DE SOUZA, N¬∫ 275 - Centro, Datas - MG, 39130-000, Brasil",-18.446916599999998,-43.660956299999995,+55 38 99875-3879,,Fechado ‚ãÖ Abre ter. √†s 06:00,Fechado ‚ãÖ Abre ter. √†s 06:00,segunda-feira: 06:00‚Äì18:00; ter√ßa-feira: 06:00‚Äì18:00; quarta-feira: 06:00‚Äì18:00; quinta-feira: 06:00‚Äì18:00; sexta-feira: 06:00‚Äì18:00; s√°bado: 06:00‚Äì18:00; domingo: 07:00‚Äì11:00,,,,"Cart√£o de d√©bito, Pagamentos por dispositivo m√≥vel via NFC",,,,https://streetviewpixels-pa.googleapis.com/v1/thumbnail?panoid=AnLORRz4oCUymfaRve7z1w&cb_client=search.gws-prod.gps&w=80&h=92&yaw=165.89032&pitch=0&thumbfov=100,https://serpapi.com/images/url/Xm5mZHicHc3dCsIgGADQt_Euf9bfFsiIboNg0HU4900FpzJN256m1-ptil7gnM9bpxTiiZCYZoCUDZRgXmDjJgisvFcWRDARSz-RzEjSz6l3wtg2COfNwM_ueuu6decv92UaRZfhuLKCZP-Q1oBLPIKYpcaq_MTZD1iFiAqvKdK8qdAiCmeHPa4buq1QMElqTtF_GX3mjNIvlNE54A,https://serpapi.com/search.json?data_id=0xaed7c6b6619b1b%3A0x926327a9cf03314b&engine=google_maps_reviews&hl=pt,https://serpapi.com/search.json?data_id=0xaed7c6b6619b1b%3A0x926327a9cf03314b&engine=google_maps_photos&hl=pt,https://serpapi.com/search.json?engine=google_maps&google_domain=google.com&hl=pt&place_id=ChIJG5thtsbXrgARSzEDz6knY5I,"Datas, MG",lojas_decoracao,2025-07-28T19:50:56.493831,COMPLETA
12,Ki-Barato Mercearia,ChIJwRDjKl7QrgARyx99GXWOY4k,0xaed05e2ae310c1:0x89638e75197d1fcb,9899913039480430539,/g/11wtpzgk4s,,0,Supermercado,Supermercado,grocery_store,"R. Mestra Maria Eliza, Datas - MG, 39130-000, Brasil",-18.452055299999998,-43.6568598,,,,,,,,,,,,,https://streetviewpixels-pa.googleapis.com/v1/thumbnail?panoid=G_6Uyh2E7cSaoZGtqlw-FQ&cb_client=search.gws-prod.gps&w=80&h=92&yaw=51.134205&pitch=0&thumbfov=100,https://serpapi.com/images/url/diANynicHc1LDsIgFADA27Arn2r9JaQr7doYN24aShFeQguWZ7G38VreRuMFZj5vhxjTgbGEkzE4g8kRXsanIipqQ7DeqAiJ6jCwWTB0z6EbFfg6qjFAL5t2c11cedzqiwq3Bh8-F6cz0V2rPZgRZTJq0o7a_BOn0FMbE8lyx4mT-5IsKstKULFal7wiEVA7ycl_uYdZCs6_coA5cA,https://serpapi.com/search.json?data_id=0xaed05e2ae310c1%3A0x89638e75197d1fcb&engine=google_maps_reviews&hl=pt,https://serpapi.com/search.json?data_id=0xaed05e2ae310c1%3A0x89638e75197d1fcb&engine=google_maps_photos&hl=pt,https://serpapi.com/search.json?engine=google_maps&google_domain=google.com&hl=pt&place_id=ChIJwRDjKl7QrgARyx99GXWOY4k,"Datas, MG",lojas_decoracao,2025-07-28T19:50:56.493831,COMPLETA
13,Datas,ChIJtQR85GfQrgARnZ00zd-W0kQ,0xaed067e47c04b5:0x44d296dfcd349d9d,4959192027652988317,/m/04f5v43,,0,,,,"Minas Gerais, Brasil",-18.4482508,-43.659489199999996,,,,,,,,,,,,,https://lh3.googleusercontent.com/gps-cs-s/AC9h4npwtUjrZXagxTN2hSrinFD-XYKtW9-KIUxuNwi6XfH1u_5V_G05AXGlP4xsFmAU_9jv2752ALJJsLEnHJEzDa8FMNhmt1M7UhLY3vnEk6jngJ-uU4ROTHN4-l9ULWZCeIJyqb5tXg=w122-h92-k-no,https://serpapi.com/images/url/wROuD3icBcFbjoIwFADQFV2RCmpN_CAKYnmMUTtWf4gSphWhZWgRxg26Bncz53zewphGLyyrEpMRV4pXRaeLNlfSFNKMclVbvNGQa9CWt8LCkU1vaNle2JUPxxSJQ3uXwRrYOTInDNGWDl3a36fsJ7S7zP3ONmPXY5tq5ww6qD2a4fKJZi7yYkJ07MuQ-K_1dR4kqaiNncyoiM-Tp_Qf01JyAh119l_HMHWgwjQ-XVbFlvz93lzD-LK3EQKBETxAqn82XEQo,https://serpapi.com/search.json?data_id=0xaed067e47c04b5%3A0x44d296dfcd349d9d&engine=google_maps_reviews&hl=pt,https://serpapi.com/search.json?data_id=0xaed067e47c04b5%3A0x44d296dfcd349d9d&engine=google_maps_photos&hl=pt,https://serpapi.com/search.json?engine=google_maps&google_domain=google.com&hl=pt&place_id=ChIJtQR85GfQrgARnZ00zd-W0kQ,"Datas, MG",lojas_decoracao,2025-07-28T19:50:56.493831,COMPLETA
14,Correios,ChIJ1RxFMavRrgAR2xoT4VJQBTM,0xaed1ab31451cd5:0x33055052e1131adb,3676432987711544027,/g/11j2v_mr6x,5,2,Correios,Correios,post_office,"Datas - MG, 39130-000, Brasil",-18.446953099999998,-43.6585363,+55 38 3535-1179,https://www.correios.com.br/,,,,,,Entrada com acessibilidade para pessoas em cadeira de rodas,"Cart√£o de cr√©dito, Cart√£o de d√©bito",Retirada na loja,,,https://streetviewpixels-pa.googleapis.com/v1/thumbnail?panoid=p1ZTs637xUseUTfkSZpKRQ&cb_client=search.gws-prod.gps&w=80&h=92&yaw=257.43558&pitch=0&thumbfov=100,https://serpapi.com/images/url/zA7wI3icHc1BEoIgFADQ27ALMDOtGaYDtKp046ZB_AITyh8hsdt0rW5T0wXe-7xNjBiOjIU4A8TFQkK7ggsblFR7rx1ItIEqP7IlY9E8x26S1p1QTt72ArO2Dvu8XJsATT08bi2erxeiurtyFqYoAshZGarTT5x9TzUGkkTFiRGHLXnJJLZFSXd5UVQEbVRGcPJfBr-IjPMvfN45mw,https://serpapi.com/search.json?data_id=0xaed1ab31451cd5%3A0x33055052e1131adb&engine=google_maps_reviews&hl=pt,https://serpapi.com/search.json?data_id=0xaed1ab31451cd5%3A0x33055052e1131adb&engine=google_maps_photos&hl=pt,https://serpapi.com/search.json?engine=google_maps&google_domain=google.com&hl=pt&place_id=ChIJ1RxFMavRrgAR2xoT4VJQBTM,"Datas, MG",lojas_decoracao,2025-07-28T19:50:56.493831,COMPLETA
15,Papelaria Escrever E Aprender,ChIJcTy9F13QrgAR6M0fpsX_3Bg,0xaed05d17bd3c71:0x18dcffc5a61fcde8,1791587976147357160,/g/11wfplstfq,,0,,,,"Av. J Magalh√£es Pinto, 311, Datas - MG, 39130-000, Brasil",-18.4459551,-43.6584395,,,,,,,,,,,,,https://streetviewpixels-pa.googleapis.com/v1/thumbnail?panoid=6xFptnrzVC5vqgirxNhvJA&cb_client=search.gws-prod.gps&w=80&h=92&yaw=94.86682&pitch=0&thumbfov=100,https://serpapi.com/images/url/Wxk5P3icHc3BDcIgFADQbbgJtNGmNSHGmHjw4NGroRThJxS-gFBdxrncRuMC733eNmdMW8ZSjlrnAroiLNqlFUpqQjBOS4REVZhZaVi2j3n0EtwOpQ8wiW45YvbxdTlsyt1AXM62nPZEjVflQPsskpZRWWrqT4xhogYTqaLnxIqhJU9ZxbCmfdf1LUHIygpO_sktFNFw_gWMSDo6,https://serpapi.com/search.json?data_id=0xaed05d17bd3c71%3A0x18dcffc5a61fcde8&engine=google_maps_reviews&hl=pt,https://serpapi.com/search.json?data_id=0xaed05d17bd3c71%3A0x18dcffc5a61fcde8&engine=google_maps_photos&hl=pt,https://serpapi.com/search.json?engine=google_maps&google_domain=google.com&hl=pt&place_id=ChIJcTy9F13QrgAR6M0fpsX_3Bg,"Datas, MG",lojas_decoracao,2025-07-28T19:50:56.493831,COMPLETA
16,L√∫cio Assist√™ncia T√©cnica,ChIJ21az9ALRrgARC5MkpEfORFo,0xaed102f4b356db:0x5a44ce47a424930b,6504550568921699083,/g/11vdqm7yrh,,0,Loja de Inform√°tica,Loja de Inform√°tica,computer_store,"Pra√ßa do Divino, 50 - Centro, Datas - MG, 39130-000, Brasil",-18.4469924,-43.658943799999996,+55 38 99974-9808,,Fechado ‚ãÖ Abre ter. √†s 08:00,Fechado ‚ãÖ Abre ter. √†s 08:00,"segunda-feira: 08:00‚Äì12:00, 13:00‚Äì18:00; ter√ßa-feira: 08:00‚Äì12:00, 13:00‚Äì18:00; quarta-feira: 08:00‚Äì12:00, 13:00‚Äì18:00; quinta-feira: 08:00‚Äì12:00, 13:00‚Äì18:00; sexta-feira: 08:00‚Äì12:00, 13:00‚Äì18:00; s√°bado: 08:00‚Äì12:00; domingo: Fechado",,,,"Cart√£o de cr√©dito, Cart√£o de d√©bito",Entrega,,,https://streetviewpixels-pa.googleapis.com/v1/thumbnail?panoid=9BNWIjlnPiVfBAvHFBWRDA&cb_client=search.gws-prod.gps&w=80&h=92&yaw=328.06754&pitch=0&thumbfov=100,https://serpapi.com/images/url/MrLhxXicHc3NDcIgGADQbbgJtP61JsS0MUYvxniwR0Mphc_QQgqCbuNabqNxgfc-bx2C8xtCfJikDBFkcvCUxs8cx8paZSR34LGwA4kZCfoxtCMHs3V8tNCxsj41x7sZz3Dt6yoe9nVz2VVItDdhQI6BecknobFKP3GyHVbOo8QKijQrc_Tiic3zAtPVerlADoLQjKL_0tvIMkq_WGw5JA,https://serpapi.com/search.json?data_id=0xaed102f4b356db%3A0x5a44ce47a424930b&engine=google_maps_reviews&hl=pt,https://serpapi.com/search.json?data_id=0xaed102f4b356db%3A0x5a44ce47a424930b&engine=google_maps_photos&hl=pt,https://serpapi.com/search.json?engine=google_maps&google_domain=google.com&hl=pt&place_id=ChIJ21az9ALRrgARC5MkpEfORFo,"Datas, MG",lojas_decoracao,2025-07-28T19:50:56.493831,COMPLETA
17,Ballet Sarah St√©phane - Studio Datas,ChIJJQPTyKfRrgARVKKudY-GjvU,0xaed1a7c8d30325:0xf58e868f75aea254,17694227936698081876,/g/11sf18pt9v,5,1,Teatro de bal√©,Teatro de bal√©,ballet_theater,"R. Santa Cruz, 200, Datas - MG, 39130-000, Brasil",-18.448547599999998,-43.658574,+55 38 99862-4982,,,,,,,,,,,,https://streetviewpixels-pa.googleapis.com/v1/thumbnail?panoid=zuzSWOjJqp-c7LjBhFAF8A&cb_client=search.gws-prod.gps&w=80&h=92&yaw=82.08094&pitch=0&thumbfov=100,https://serpapi.com/images/url/O-cxQHicHc0xDoIwFIDh23SjLcREMGkMDAzGxMHB0ZTybEsKfdICymU8l7eRuP3T938_JkYMB8ZCHAHibGFB-wIXEpRUe68dSLSBKt-zOWXRTH0zSOuOKAdvW7FO6_V26U5PTNT-3FWmLuu8JKq5K2dhiCKAHJWhetnE0bdUYyCLyDkxosjIW26dUZ7zYkfQRmUEJ__Jw88i5fwHQNQ5Og,https://serpapi.com/search.json?data_id=0xaed1a7c8d30325%3A0xf58e868f75aea254&engine=google_maps_reviews&hl=pt,https://serpapi.com/search.json?data_id=0xaed1a7c8d30325%3A0xf58e868f75aea254&engine=google_maps_photos&hl=pt,https://serpapi.com/search.json?engine=google_maps&google_domain=google.com&hl=pt&place_id=ChIJJQPTyKfRrgARVKKudY-GjvU,"Datas, MG",lojas_decoracao,2025-07-28T19:50:56.493831,COMPLETA
18,Maestro Manoel soares,ChIJ02ftfLXRrgARTqu3RXOZC_M,0xaed1b57ced67d3:0xf30b997345b7ab4e,17513260296330259278,/g/11rthh0q_7,4.2,5,Jardim,Jardim,garden,"Av. Jose Magalhaes Pinto, 141, Datas - MG, 39130-000, Brasil",-18.4474362,-43.658315099999996,,,,,,,,,,,,"""Lugar lindo e muito necess√°rio üòç""",https://streetviewpixels-pa.googleapis.com/v1/thumbnail?panoid=bWfKLAiz2kq0SBHkg2Dn7Q&cb_client=search.gws-prod.gps&w=80&h=92&yaw=190.00577&pitch=0&thumbfov=100,https://serpapi.com/images/url/T-UytHicHc3BDcIgFADQbbgJv01MrQkxNh5M9GI8eDSUUvgpBSxY1Glcy200LvDe521SCnHNWEyTUmlGlQM-lI2LIKj2XlslAkYq_cjmgiVzH1sn0G6CcB473l76w3GLr3K4wbnZD7rcuepEZHuVFpVLPCoxSUN1_omT76gOkWS-AmJ4XZKnyLyogQIsq4oETNJwIP-l9zMvAL5hszk4,https://serpapi.com/search.json?data_id=0xaed1b57ced67d3%3A0xf30b997345b7ab4e&engine=google_maps_reviews&hl=pt,https://serpapi.com/search.json?data_id=0xaed1b57ced67d3%3A0xf30b997345b7ab4e&engine=google_maps_photos&hl=pt,https://serpapi.com/search.json?engine=google_maps&google_domain=google.com&hl=pt&place_id=ChIJ02ftfLXRrgARTqu3RXOZC_M,"Datas, MG",lojas_decoracao,2025-07-28T19:50:56.493831,COMPLETA
19,Therry CAL√áADOS,ChIJqbZYp13QrgARNrUqFPnnHE8,0xaed05da758b6a9:0x4f1ce7f9142ab536,5700686285315421494,/g/11w8qr245f,,0,Loja de cal√ßado,Loja de cal√ßado,shoe_store,"Av. J Magalh√£es Pinto, Datas - MG, 39130-000, Brasil",-18.4470708,-43.6582759,,,,,,,,,"Cart√£o de cr√©dito, Cart√£o de d√©bito",,,,https://streetviewpixels-pa.googleapis.com/v1/thumbnail?panoid=mTf6ngvrZ1VBdDNJvR9-bA&cb_client=search.gws-prod.gps&w=80&h=92&yaw=97.3037&pitch=0&thumbfov=100,https://serpapi.com/images/url/113HB3icHc0xDsIgFADQ27AVqE2sNSFG4-TgYIyDi6EU4ScUCHxBL-O9vI3GC7z3eVvEmNeMZUxaYwFdIzy1y02U1IRgnJYRMlVhZqVlaB_z6CW4TZQ-wCTm833pTUnX9rKb9sdDOQ3NuCVqvCkH2qPIWiZlqak_MYWJmphJFStOrBgW5CWrGHra8a4nEVBZwcn_uIciWs6__8448Q,https://serpapi.com/search.json?data_id=0xaed05da758b6a9%3A0x4f1ce7f9142ab536&engine=google_maps_reviews&hl=pt,https://serpapi.com/search.json?data_id=0xaed05da758b6a9%3A0x4f1ce7f9142ab536&engine=google_maps_photos&hl=pt,https://serpapi.com/search.json?engine=google_maps&google_domain=google.com&hl=pt&place_id=ChIJqbZYp13QrgARNrUqFPnnHE8,"Datas, MG",lojas_decoracao,2025-07-28T19:50:56.493831,COMPLETA
20,Encanto lingeri,ChIJSQ-OgP3RrgAR_T3hKr5bFp4,0xaed1fd808e0f49:0x9e165bbe2ae13dfd,11391393179801566717,/g/11sdbh40hk,,0,Loja de moda feminina,Loja de moda feminina,womens_clothing_store,"R. Washington Lima de Azevedo, 371, Datas - MG, 39130-000, Brasil",-18.4504214,-43.656357199999995,+55 31 99831-1439,,Fechado ‚ãÖ Abre ter. √†s 09:00,Fechado ‚ãÖ Abre ter. √†s 09:00,segunda-feira: 09:00‚Äì18:00; ter√ßa-feira: 09:00‚Äì18:00; quarta-feira: 09:00‚Äì18:00; quinta-feira: 09:00‚Äì18:00; sexta-feira: 09:00‚Äì18:00; s√°bado: 09:00‚Äì18:00; domingo: 09:00‚Äì13:00,,,,"Cart√£o de cr√©dito, Cart√£o de d√©bito",Entrega,,,https://lh3.googleusercontent.com/p/AF1QipO0zZxq77OtutFS2BclRjd1uXTiIjs1IzkQ8dV0=w122-h92-k-no,https://serpapi.com/images/url/wKa9HnicuxmXUVJSUGylr5-TYayXnp-fnpNaWpxalJyfV5KaV6KXnJ-rX6Dv6GYYmFngb1AVVVFobu5fUlriFmzklJwTlJViWBoRkumZVWzoWZUdaJESZmBbbmhkpJthaaSbrZuXDwC0OSF8,https://serpapi.com/search.json?data_id=0xaed1fd808e0f49%3A0x9e165bbe2ae13dfd&engine=google_maps_reviews&hl=pt,https://serpapi.com/search.json?data_id=0xaed1fd808e0f49%3A0x9e165bbe2ae13dfd&engine=google_maps_photos&hl=pt,https://serpapi.com/search.json?engine=google_maps&google_domain=google.com&hl=pt&place_id=ChIJSQ-OgP3RrgAR_T3hKr5bFp4,"Datas, MG",lojas_decoracao,2025-07-28T19:50:56.493831,COMPLETA
2,BELA CAL√áADOS,ChIJTwW6LV3QrgAR-lJ7_vvgwK8,0xaed05d2dba054f:0xafc0e0fbfe7b52fa,12664369525076742906,/g/11lnp055yr,,0,Loja de cal√ßado,Loja de cal√ßado,shoe_store,"Av. J Magalh√£es Pinto, Datas - MG, 39130-000, Brasil",-18.4448217,-43.6586308,,,,,,,,,"Cart√£o de cr√©dito, Cart√£o de d√©bito",,,,https://streetviewpixels-pa.googleapis.com/v1/thumbnail?panoid=dWKknG0LRM9iSE85RjS10A&cb_client=search.gws-prod.gps&w=80&h=92&yaw=70.57408&pitch=0&thumbfov=100,https://serpapi.com/images/url/GnajVHicHc0xDsIgFADQ27AJv8amrQkxDsZBXdrB0VCK8JUCKVj0NJ7L22i8wHuft0kpxDVjMU1KpRlVDvhUNi6CoNp7bZUIGKn0I5sLlsxj7J1AuwnCeRz4cD7c3R6O7anBbleX7a0rYEtkf5EWlUs8KjFJQ3X-iZMfqA6RZF4DMbxZkpfIvAJaViuoScAkDQfyT65-5gXAF_naOG8,https://serpapi.com/search.json?data_id=0xaed05d2dba054f%3A0xafc0e0fbfe7b52fa&engine=google_maps_reviews&hl=pt,https://serpapi.com/search.json?data_id=0xaed05d2dba054f%3A0xafc0e0fbfe7b52fa&engine=google_maps_photos&hl=pt,https://serpapi.com/search.json?engine=google_maps&google_domain=google.com&hl=pt&place_id=ChIJTwW6LV3QrgAR-lJ7_vvgwK8,"Datas, MG",lojas_decoracao,2025-07-28T19:50:58.058450,COMPLETA
1,Dotart Galeria de Arte,ChIJFXjTIeiZpgARBncsqZAulOE,0xa699e821d37815:0xe1942e90a92c7706,16254668153935394566,/g/1tdg4g21,4.4,46,Galeria de Arte,Galeria de Arte,art_gallery,"R. Bernardo Guimar√£es, 911 - Funcion√°rios, Belo Horizonte - MG, 30140-905, Brasil",-19.9312027,-43.9330601,+55 31 3261-3910,http://www.dotart.com.br/,,,,,,"Banheiro com acessibilidade para pessoas em cadeira de rodas, Entrada com acessibilidade para pessoas em cadeira de rodas",,,,"""Galeria com grande diversidade de obras das mais variadas t√©cnicas.""",https://lh3.googleusercontent.com/gps-cs-s/AC9h4nrQoEA50GyzZUGg2cMeaEA72eJX-V8vMoN-dpoXIcX0FJmA6Y429FUlja4Fb9nOYS4_ktMA14MmjQMrVX6ycOTP7TAPho8ZbmA12epM54O2jhOishmrnKs95k2by45lSCesSHYL=w163-h92-k-no,https://serpapi.com/images/url/KOKraHicBcHdDoIgGADQJyKT0KKtC9ayX7KmNe2mJTFJhc8J1ez9eojepnN-X-Vca6ee16jRoAQoG_m0shNgnDRuIEB7ZWuRsMh6bE4VMd0RFiwYLvvP5bQsseDytmBjLDcZOk9eHPbo3kK2Ftkw2mgW5gTT6NRUNxIV1MR5Qq6148wnXFdH3p2zsBdxehin7KBgcik087FseUBiXKn4YZXuzNbSoMZFT4ImmUubrPLd7O2HI6QoRjUy8AcW30Kz,https://serpapi.com/search.json?data_id=0xa699e821d37815%3A0xe1942e90a92c7706&engine=google_maps_reviews&hl=pt,https://serpapi.com/search.json?data_id=0xa699e821d37815%3A0xe1942e90a92c7706&engine=google_maps_photos&hl=pt,https://serpapi.com/search.json?engine=google_maps&google_domain=google.com&hl=pt&place_id=ChIJFXjTIeiZpgARBncsqZAulOE,"Datas, MG",galerias_arte,2025-07-28T19:51:01.121280,COMPLETA
2,Lemos de S√° Galeria de Arte,ChIJjVHroHe7pgARkr8wCRQN0rk,0xa6bb77a0eb518d:0xb9d20d140930bf92,13389779021830602642,/g/1tjh0l_m,4.8,28,Galeria de Arte,Galeria de Arte,art_gallery,"R. Germano Chati, 255 - Mangabeiras, Belo Horizonte - MG, 30315-120, Brasil",-19.956829499999998,-43.9258868,+55 31 3261-3993,http://www.lemosdesagaleria.com/,Fechado ‚ãÖ Abre ter. √†s 10:00,Fechado ‚ãÖ Abre ter. √†s 10:00,segunda-feira: 10:00‚Äì17:00; ter√ßa-feira: 10:00‚Äì17:00; quarta-feira: 10:00‚Äì17:00; quinta-feira: 10:00‚Äì17:00; sexta-feira: 10:00‚Äì17:00; s√°bado: 10:00‚Äì13:00; domingo: Fechado,,,"Banheiro com acessibilidade para pessoas em cadeira de rodas, Entrada com acessibilidade para pessoas em cadeira de rodas",,,,"""Artes impressionantes..""",https://lh3.googleusercontent.com/gps-cs-s/AC9h4nqWXOhPeLyi06zFi2jrXattRUqBjpbPr4O9l7vSH_Qcm_V7NOWRpKMpWfqzbYIuPNg9BkTrEKZeYlL0H_XGFoOG1ILl6kQ-jyLrcwIp8B0J-p6JV7lvTPZFJqsxp85QjLuekkSZ=w163-h92-k-no,https://serpapi.com/images/url/f-HJAHicBcFZEoIgAADQE5G2aTbTRzZZGrm0af44xZAkJAhoy_06RLfpvd-XaC3U1DAYGfZKzkuGW4Ul4rXGte4h_jBKoQBSQBnzhUNGdZNmEYkxfN9N6-PdB5XMLlrvjo1biWssR5HD7G6_LhL0KE52GKU7sdmK9NZ8rme_jcPScelBLjc5PjNorots5fFo1fchs2gCqjeU6OmLiWsGQFjByWbdIc69oFEvMRknFWwxpft89uxbQ0CcAaCg5n8qJ0VS,https://serpapi.com/search.json?data_id=0xa6bb77a0eb518d%3A0xb9d20d140930bf92&engine=google_maps_reviews&hl=pt,https://serpapi.com/search.json?data_id=0xa6bb77a0eb518d%3A0xb9d20d140930bf92&engine=google_maps_photos&hl=pt,https://serpapi.com/search.json?engine=google_maps&google_domain=google.com&hl=pt&place_id=ChIJjVHroHe7pgARkr8wCRQN0rk,"Datas, MG",galerias_arte,2025-07-28T19:51:01.121280,COMPLETA
3,Albuquerque Contempor√¢nea Galeria de Arte,ChIJQZN9jdmZpgARZIcNdKtYG_A,0xa699d98d7d9341:0xf01b58ab740d8764,17301519886883587940,/g/1tdl2t0z,4.8,59,Galeria de Arte,Galeria de Arte,art_gallery,"R. Ant√¥nio de Albuquerque, 885 - Funcion√°rios, Belo Horizonte - MG, 30112-011, Brasil",-19.9374695,-43.9389209,+55 31 3227-6494,https://albuquerquecontemporanea.com/,Fechado ‚ãÖ Abre ter. √†s 10:00,Fechado ‚ãÖ Abre ter. √†s 10:00,segunda-feira: 10:00‚Äì19:00; ter√ßa-feira: 10:00‚Äì19:00; quarta-feira: 10:00‚Äì19:00; quinta-feira: 10:00‚Äì19:00; sexta-feira: 10:00‚Äì19:00; s√°bado: 10:00‚Äì13:30; domingo: Fechado,,,Entrada com acessibilidade para pessoas em cadeira de rodas,,,,"""Galeria que exp√µe artistas incr√≠veis.""",https://lh3.googleusercontent.com/p/AF1QipPFMFHuHL8f6K3a322qbJ1FNI6yiBk-7OsVylnn=w137-h92-k-no,https://serpapi.com/images/url/wvlJU3icuxmXUVJSUGylr5-TYayXnp-fnpNaWpxalJyfV5KaV6KXnJ-rX6Dv6GYYmFkQ4Obr5lHq4WORZuZtnGhsZFSY5GXo5udpVpnplK1r7l8cVpmTl2dbbmhsrpthaaSbrZuXDwCBMSBu,https://serpapi.com/search.json?data_id=0xa699d98d7d9341%3A0xf01b58ab740d8764&engine=google_maps_reviews&hl=pt,https://serpapi.com/search.json?data_id=0xa699d98d7d9341%3A0xf01b58ab740d8764&engine=google_maps_photos&hl=pt,https://serpapi.com/search.json?engine=google_maps&google_domain=google.com&hl=pt&place_id=ChIJQZN9jdmZpgARZIcNdKtYG_A,"Datas, MG",galerias_arte,2025-07-28T19:51:01.121280,COMPLETA
4,AM Galeria de Arte - Arte Contempor√¢nea,ChIJZ4X_WcCZpgAR0kTJQ7alYkM,0xa699c059ff8567:0x4362a5b643c944d2,4855625550498710738,/g/1tmcngnj,4.6,22,Galeria de Arte,Galeria de Arte,art_gallery,"R. do Ouro, 136 - Serra, Belo Horizonte - MG, 30220-000, Brasil",-19.933220499999997,-43.9235513,+55 31 3223-4209,http://www.amgaleria.com.br/,Fechado ‚ãÖ Abre ter. √†s 10:00,Fechado ‚ãÖ Abre ter. √†s 10:00,segunda-feira: 10:00‚Äì19:00; ter√ßa-feira: 10:00‚Äì19:00; quarta-feira: 10:00‚Äì19:00; quinta-feira: 10:00‚Äì19:00; sexta-feira: 10:00‚Äì19:00; s√°bado: 10:00‚Äì13:30; domingo: Fechado,,,"Banheiro com acessibilidade para pessoas em cadeira de rodas, Entrada com acessibilidade para pessoas em cadeira de rodas",,,,"""ter mais informa√ß√µes sobre essa galeria de artes mais detalhes""",https://lh3.googleusercontent.com/p/AF1QipOfqSUpTjC8J01F_Sfugo5JreEIC1rvBniDfsNa=w135-h92-k-no,https://serpapi.com/images/url/jk-hunicuxmXUVJSUGylr5-TYayXnp-fnpNaWpxalJyfV5KaV6KXnJ-rX6Dv6GYYmFngn1YYHFoQkuVs4WVg6BYfnFaanm_qVZTq6ulsWFTmlJfpklbsl2hbbmhsqpthaaSbrZuXDwCrbiFr,https://serpapi.com/search.json?data_id=0xa699c059ff8567%3A0x4362a5b643c944d2&engine=google_maps_reviews&hl=pt,https://serpapi.com/search.json?data_id=0xa699c059ff8567%3A0x4362a5b643c944d2&engine=google_maps_photos&hl=pt,https://serpapi.com/search.json?engine=google_maps&google_domain=google.com&hl=pt&place_id=ChIJZ4X_WcCZpgAR0kTJQ7alYkM,"Datas, MG",galerias_arte,2025-07-28T19:51:01.121280,COMPLETA
5,Minas Contemporanea Gabinete de Arte,ChIJXc5XdNuZpgARbdtrVKu2XC8,0xa699db7457ce5d:0x2f5cb6ab546bdb6d,3412803464612010861,/g/1td0zq72,4,4,Galeria de Arte,Galeria de Arte,art_gallery,"R. Alagoas, 989 - loja 14 - Funcion√°rios, Belo Horizonte - MG, 30130-160, Brasil",-19.935924999999997,-43.9360427,+55 31 3261-5214,,Fechado ‚ãÖ Abre ter. √†s 14:00,Fechado ‚ãÖ Abre ter. √†s 14:00,segunda-feira: 14:00‚Äì18:30; ter√ßa-feira: 14:00‚Äì18:30; quarta-feira: 14:00‚Äì18:30; quinta-feira: 14:00‚Äì18:30; sexta-feira: 14:00‚Äì18:30; s√°bado: 10:00‚Äì13:00; domingo: Fechado,,,Entrada com acessibilidade para pessoas em cadeira de rodas,,,,,https://lh3.googleusercontent.com/gps-cs-s/AC9h4nqw_q7gBjMPse18SuUJYcAWxwPKgS-oRmDbA2_1KgO-w3gekjOh_MU8MZHMiyu8Wc0cSQ4f2aS4BZzolsI9R4GvGedIcLsIFxhRk791Ywwwtwrc9xwZ2mRLjl7BkCinRfgig9pG=w80-h106-k-no,https://serpapi.com/images/url/BwD5gnicBcFbjoIwFADQFVUekoFO4gdoBhklaokx8kPGWm95tWiLF2d_swh3M-e8_6S1g_l0nE7OZ6A1dGI04sG1skLZGde9A4Mh3BDjxEsqA3XH6h5C0uR7I7yoGI_fZx6fJtxvoCCa9atL7FfeBnYE5yDaZier_Bjl5TqvX2N04i4vDsHN_ymCpPzVnckoC9JnKq4Z35rsa5KsDal3RkSLD04nLP2ebZsuTNplrdgNaqBDusDIJdJzP0hLlP4H80lFXA,https://serpapi.com/search.json?data_id=0xa699db7457ce5d%3A0x2f5cb6ab546bdb6d&engine=google_maps_reviews&hl=pt,https://serpapi.com/search.json?data_id=0xa699db7457ce5d%3A0x2f5cb6ab546bdb6d&engine=google_maps_photos&hl=pt,https://serpapi.com/search.json?engine=google_maps&google_domain=google.com&hl=pt&place_id=ChIJXc5XdNuZpgARbdtrVKu2XC8,"Datas, MG",galerias_arte,2025-07-28T19:51:01.121280,COMPLETA
3,CT SPARTA Datas,ChIJzTNbOyvRrgARHkRc8-fEGQA,0xaed12b3b5b33cd:0x19c4e7f35c441e,7253374917166110,/g/11v48n39g7,4.3,6,Academia,Academia,gym,"Padre Afonso Leg√≥rio de Souza, 242, Datas - MG, 39130-000, Brasil",-18.4456332,-43.656560999999996,+55 38 99912-1166,https://instagram.com/ctspartadatas?utm_source=qr&igshid=MzNlNGNkZWQ4Mg%3D%3D,Aberto ‚ãÖ Fecha √†s 22:00,Aberto ‚ãÖ Fecha √†s 22:00,segunda-feira: 04:30‚Äì22:00; ter√ßa-feira: 04:30‚Äì22:00; quarta-feira: 04:30‚Äì22:00; quinta-feira: 04:30‚Äì22:00; sexta-feira: 04:30‚Äì22:00; s√°bado: 08:00‚Äì14:00; domingo: Fechado,,,,"Cart√£o de cr√©dito, Cart√£o de d√©bito",,,"""Melhor academia da regi√£o""",https://lh3.googleusercontent.com/p/AF1QipPb8WdYNHEIZSaJD-xRvrT9BUFi9nb2qMRIqfcM=w122-h92-k-no,https://serpapi.com/images/url/DEphsXicuxmXUVJSUGylr5-TYayXnp-fnpNaWpxalJyfV5KaV6KXnJ-rX6Dv6GYYmFkQkGQRnhLp5-HqGRWc6OWiWxFUVhRi6RTqlmmZl2RU6BvkWZiW7GtbbmhkpJthaaSbrZuXDwCdKSEC,https://serpapi.com/search.json?data_id=0xaed12b3b5b33cd%3A0x19c4e7f35c441e&engine=google_maps_reviews&hl=pt,https://serpapi.com/search.json?data_id=0xaed12b3b5b33cd%3A0x19c4e7f35c441e&engine=google_maps_photos&hl=pt,https://serpapi.com/search.json?engine=google_maps&google_domain=google.com&hl=pt&place_id=ChIJzTNbOyvRrgARHkRc8-fEGQA,"Datas, MG",estudios_arte,2025-07-28T19:51:04.189842,COMPLETA
1,Quinta da Matriculada,ChIJhaGdXzSHKSwRxU5PGRkGiw0,0x2c2987345f9da185:0xd8b0619194f4ec5,975880449124421317,/g/11lccp0_9p,5,1,Vin√≠cola,"Vin√≠cola, Service establishment, Loja de bebidas, Vinhedo, Clube de vinho",winery,,-18.2413816,-43.6023309,+55 38 99950-9092,https://www.instagram.com/quintadamatriculada/,,,,,,,,,,"""Melhor visita√ß√£o harmonizada em vin√≠cola que j√° fiz na vida!""",https://lh3.googleusercontent.com/p/AF1QipMEanInNowIlK4OWHUFd0uZq086I9LoXntOtlaK=w138-h92-k-no,https://serpapi.com/images/url/odwxcXicuxmXUVJSUGylr5-TYayXnp-fnpNaWpxalJyfV5KaV6KXnJ-rX6Dv6GYYmFng65qY55nnl1_umeNt4h_uEeqWYlAaVWhgYeZp6ZMfkVfiX5KT6G1bbmhsoZthaaSbrZuXDwCoyiFL,https://serpapi.com/search.json?data_id=0x2c2987345f9da185%3A0xd8b0619194f4ec5&engine=google_maps_reviews&hl=pt,https://serpapi.com/search.json?data_id=0x2c2987345f9da185%3A0xd8b0619194f4ec5&engine=google_maps_photos&hl=pt,https://serpapi.com/search.json?engine=google_maps&google_domain=google.com&hl=pt&place_id=ChIJhaGdXzSHKSwRxU5PGRkGiw0,"Datas, MG",vinicolas,2025-07-28T19:51:07.274707,COMPLETA
2,Quinta da Matriculada - Vinhos de Diamantina,ChIJhbr8S2HFrgARHgKpaidwjAY,0xaec5614bfcba85:0x68c70276aa9021e,471875375562555934,/g/11rzsxhfh3,4.9,48,Vin√≠cola,"Vin√≠cola, Loja de bebidas, Loja de bebidas alco√≥licas, Vinhedo, Bar de vinhos, Clube de vinho",winery,"R. da Caridade, 183 - Centro, Diamantina - MG, 39100-000, Brasil",-18.2431969,-43.6006741,,https://www.instagram.com/quintadamatriculada/,Fechado ‚ãÖ Abre ter. √†s 09:00,Fechado ‚ãÖ Abre ter. √†s 09:00,segunda-feira: 09:00‚Äì17:30; ter√ßa-feira: 09:00‚Äì17:00; quarta-feira: 09:00‚Äì17:30; quinta-feira: 09:00‚Äì17:30; sexta-feira: 09:00‚Äì17:30; s√°bado: 09:00‚Äì17:00; domingo: Fechado,,,,"Cart√£o de cr√©dito, Cart√£o de d√©bito, Pagamentos por dispositivo m√≥vel via NFC",,,"""Hist√≥rias, explica√ß√µes, degusta√ß√µes harmonizadas mas sem frescuras.""",https://lh3.googleusercontent.com/gps-cs-s/AC9h4npbomBCNxAcsfDyD09TaJ-wLewEZ0CYDGL6zBoaRMW3CheQ9NSa9ATPkJ34E_cNC9XuxzjJotIB8uiKmOv5YwB0Ns-DJSGIaANjotnmC5XeH1jtRhtbpoCPideh8j_t3sBHVF0=w163-h92-k-no,https://serpapi.com/images/url/mFXyZ3icBcFbEsEwFADQFUVLyogZH03qVcRzvH5MRTRKcztyq1ifTdiNc35fg1i4jufdDa2lAOldl04_FFjUFmsKci8tHFGOOC8UzAS2OEHOhXyFyl2id-SzdRKTaqKr3sEX-2gwaX04JMvplgqjF0yuEhau57eYBr2jkoLtytcniwFHvF1ex_ns2dxX3JeORPFqMEpCmQHaXDR3eljPcGnwVICYX8_atLMjUseHm77freotSgxrkBux8AdMf0O-,https://serpapi.com/search.json?data_id=0xaec5614bfcba85%3A0x68c70276aa9021e&engine=google_maps_reviews&hl=pt,https://serpapi.com/search.json?data_id=0xaec5614bfcba85%3A0x68c70276aa9021e&engine=google_maps_photos&hl=pt,https://serpapi.com/search.json?engine=google_maps&google_domain=google.com&hl=pt&place_id=ChIJhbr8S2HFrgARHgKpaidwjAY,"Datas, MG",vinicolas,2025-07-28T19:51:07.274707,COMPLETA
3,BAR E LANCHONETE DO CARLINHOS,ChIJI_7_AVbRrgARCqsUkGEF8mQ,0xaed15601fffe23:0x64f205619014ab0a,7273882264744012554,/g/11gy3jw5px,4.7,41,Bar de cervejas,"Bar de cervejas, Lanchonete",beer_hall,"Av. Governador Magalh√£es Pinto - Centro, Datas - MG, 39130-000, Brasil",-18.445493499999998,-43.6585172,,,,,,,,,Cart√£o de d√©bito,"Mesas externas, Refei√ß√£o no local",,,https://lh3.googleusercontent.com/gps-cs-s/AC9h4npMM4ArLuF-kXhds-wUCs00QNSk6vBoR0mRoVZCzIhJP_hCdsj5LnJu2G0aXBLBo3rpz2-x0iP0IPBVUSp6j1XSfz7GOZ9g7oNA9x0WcKwGUs_OAP3pEWFq5qnItcrmzxSz1EiTuA=w80-h106-k-no,https://serpapi.com/images/url/jAFo-nicBcHRboIwFADQL6pcRHEs2UMhSnCoTIYSX4ypSBXprdwySH9w37C_2Tl_v9IYTe-O85TepEasn1VPVSdQmUqZicDWqTUxQYwcHgVypvRmM-Nd2q9YU8orsaGICOBrmzf-T4h7aPd4OEU2kevsLKMrPeapWvfTGC5lmIboddpO2Qj3DJIsPBS59h9umd_sIt6dgnqBWx6McBSfQ1zQecczTy-Pq9f8pRIjutaOuXWX9--efwxvwKQLPmuYwn8PqESv,https://serpapi.com/search.json?data_id=0xaed15601fffe23%3A0x64f205619014ab0a&engine=google_maps_reviews&hl=pt,https://serpapi.com/search.json?data_id=0xaed15601fffe23%3A0x64f205619014ab0a&engine=google_maps_photos&hl=pt,https://serpapi.com/search.json?engine=google_maps&google_domain=google.com&hl=pt&place_id=ChIJI_7_AVbRrgARCqsUkGEF8mQ,"Datas, MG",vinicolas,2025-07-28T19:51:07.274707,COMPLETA
1,Cervejaria Mil Oitavas - Cerveja Artesanal em Diamantina,ChIJ8wRBdAC5rgAR-TZl3s8gNY4,0xaeb900744104f3:0x8e3520cfde6536f9,10247132604312925945,/g/11w3z8tqwr,5,17,Cervejaria,"Cervejaria, Bar de cervejas, Loja de bebidas, Loja de bebidas alco√≥licas",brewery,"R. Mil Oitavas, 58 - Diamantina, MG, 39100-000, Brasil",-18.2352131,-43.6095622,+55 38 99808-1771,https://www.instagram.com/cervejariamiloitavas/?igsh=MTN2bmk5cnNzN2lvZw==,Fechado ‚ãÖ Abre ter. √†s 08:00,Fechado ‚ãÖ Abre ter. √†s 08:00,segunda-feira: 08:00‚Äì17:00; ter√ßa-feira: 08:00‚Äì17:00; quarta-feira: 08:00‚Äì17:00; quinta-feira: 08:00‚Äì17:00; sexta-feira: 08:00‚Äì17:00; s√°bado: Fechado; domingo: Fechado,,,,"Cart√£o de cr√©dito, Cart√£o de d√©bito, Pagamentos por dispositivo m√≥vel via NFC",Entrega,,,https://lh3.googleusercontent.com/p/AF1QipNSJM0B6RILe2awjLNBdxOuI2vsMlHy-8mguzIJ=w82-h92-k-no,https://serpapi.com/images/url/BNVS4HicuxmbUVJSUGylr5-TYayXnp-fnpNaWpxalJyfV5KaV6KXnJ-rX6Dv6GYYmFngF-zla-BkFuTpk2qUWJ7l4-eUUuFf6mlUVuyb41Gpa5GbXlrl6WVbbmGkm2FppJutm5cPAHucIQA,https://serpapi.com/search.json?data_id=0xaeb900744104f3%3A0x8e3520cfde6536f9&engine=google_maps_reviews&hl=pt,https://serpapi.com/search.json?data_id=0xaeb900744104f3%3A0x8e3520cfde6536f9&engine=google_maps_photos&hl=pt,https://serpapi.com/search.json?engine=google_maps&google_domain=google.com&hl=pt&place_id=ChIJ8wRBdAC5rgAR-TZl3s8gNY4,"Datas, MG",cervejarias_artesanais,2025-07-28T19:51:10.345013,COMPLETA
2,Restaurante Vila Americana,ChIJt36RKa3RrgARV6zImaKamSc,0xaed1ad29917eb7:0x27999aa299c8ac57,2853481862071364695,/g/11kr_f58f8,5,22,Restaurante,Restaurante,restaurant,"R. Francisco Freire, 137 - Centro, Datas - MG, 39130-000, Brasil",-18.4464747,-43.6595137,+55 38 99929-3738,https://www.restaurantevilaamericana.com.br/,Fechado ‚ãÖ Abre ter. √†s 14:00,Fechado ‚ãÖ Abre ter. √†s 14:00,segunda-feira: Fechado; ter√ßa-feira: 14:00‚Äì22:00; quarta-feira: 14:00‚Äì22:00; quinta-feira: 14:00‚Äì22:00; sexta-feira: 14:00‚Äì00:00; s√°bado: 14:00‚Äì00:00; domingo: 11:00‚Äì21:00,,,"Banheiro com acessibilidade para pessoas em cadeira de rodas, Entrada com acessibilidade para pessoas em cadeira de rodas","Cart√£o de cr√©dito, Cart√£o de d√©bito, Pagamentos por dispositivo m√≥vel via NFC","Para viagem, Refei√ß√£o no local",,,https://lh3.googleusercontent.com/p/AF1QipOzmOoGL-dBTLslgbYd1T9lfu-Md_CKmHoh2IvV=w92-h92-k-no,https://serpapi.com/images/url/QX1g7XicuxmbUVJSUGylr5-TYayXnp-fnpNaWpxalJyfV5KaV6KXnJ-rX6Dv6GYYmFngX5Xrn-_uo5viFOJTnJOeFJliGGKZk1aq65sS7-yd65GfYeRZFmZbbmmkmwHE2bp5-QCR7SFO,https://serpapi.com/search.json?data_id=0xaed1ad29917eb7%3A0x27999aa299c8ac57&engine=google_maps_reviews&hl=pt,https://serpapi.com/search.json?data_id=0xaed1ad29917eb7%3A0x27999aa299c8ac57&engine=google_maps_photos&hl=pt,https://serpapi.com/search.json?engine=google_maps&google_domain=google.com&hl=pt&place_id=ChIJt36RKa3RrgARV6zImaKamSc,"Datas, MG",cervejarias_artesanais,2025-07-28T19:51:10.345013,COMPLETA
2,Sorveteria e Lanchonete Samel,ChIJh__GD6HRrgAR_wgvRN8q_7g,0xaed1a10fc6ff87:0xb8ff2adf442f08ff,13330420560449964287,/g/11vlb0y__w,4.6,11,Lanchonete,"Lanchonete, Sorveteria",snack_bar,"R. Mestra Maria Eliza, 710 - Centro, Datas - MG, 39130-000, Brasil",-18.443877999999998,-43.6588378,+55 38 99964-5844,,Aberto ‚ãÖ Fecha √†s 23:00,Aberto ‚ãÖ Fecha √†s 23:00,segunda-feira: 13:00‚Äì23:00; ter√ßa-feira: 13:00‚Äì23:00; quarta-feira: 13:00‚Äì23:00; quinta-feira: Fechado; sexta-feira: 13:00‚Äì23:00; s√°bado: 13:00‚Äì23:00; domingo: 13:00‚Äì23:00,,,,"Cart√£o de cr√©dito, Cart√£o de d√©bito, Pagamentos por dispositivo m√≥vel via NFC",Refei√ß√£o no local,,,https://lh3.googleusercontent.com/p/AF1QipNa2-GPkRDAsEbXTBbFuyN3AIshU9PbpstxcZMB=w80-h106-k-no,https://serpapi.com/images/url/Ne20KHicuxmXUVJSUGylr5-TYayXnp-fnpNaWpxalJyfV5KaV6KXnJ-rX6Dv6GYYmFngl2ik6x6QHeTiWOyaFBHilORWWuln7OhZnBFqGZBUUFxSkRzl62RbbmGgm2FoYKabrZuXDwCfFSE8,https://serpapi.com/search.json?data_id=0xaed1a10fc6ff87%3A0xb8ff2adf442f08ff&engine=google_maps_reviews&hl=pt,https://serpapi.com/search.json?data_id=0xaed1a10fc6ff87%3A0xb8ff2adf442f08ff&engine=google_maps_photos&hl=pt,https://serpapi.com/search.json?engine=google_maps&google_domain=google.com&hl=pt&place_id=ChIJh__GD6HRrgAR_wgvRN8q_7g,"Datas, MG",docerias,2025-07-28T19:51:13.542424,COMPLETA
5,Reis Do A√ßa√≠,ChIJ5d_qTwvRrgARfux-yXD4usI,0xaed10b4feadfe5:0xc2baf870c97eec7e,14031800752326765694,/g/11k7vwkn83,4.9,12,Sorveteria,Sorveteria,ice_cream_shop,"R. dos Garimpeiros - Centro, Datas - MG, 39130-000, Brasil",-18.4512321,-43.65633,+55 38 99740-6041,,Fecha em breve ‚ãÖ 20:00 ‚ãÖ Abre ter. √†s 12:00,Fecha em breve ‚ãÖ 20:00 ‚ãÖ Abre ter. √†s 12:00,segunda-feira: 12:00‚Äì20:00; ter√ßa-feira: 12:00‚Äì20:00; quarta-feira: 12:00‚Äì20:00; quinta-feira: 12:00‚Äì20:00; sexta-feira: 12:00‚Äì20:00; s√°bado: 12:00‚Äì22:00; domingo: 12:00‚Äì20:00,,,,"Cart√£o de cr√©dito, Cart√£o de d√©bito, Pagamentos por dispositivo m√≥vel via NFC","Entrega, Retirada na loja",,,https://lh3.googleusercontent.com/gps-cs-s/AC9h4nrBdTyEAowi6PEaCRhzyRZ_1cMREf0fwR40oHT_uVqYY5i1plrjPH4JWct9NUdzQJylkLeW3Fd_TAduCARicbfkMRRfzDh0fueuh6dOzxXCkdY7pqdTK3S4r-DQ32EI-GnmAIyoQQ=w80-h106-k-no,https://serpapi.com/images/url/GqF2RXicBcFZcoIwAADQE0WCIC4z_UgRt6qVSGvxh9EshIIJkmQQLugZvI3vvZ7CmFrPHKcS3iBXKq-Y1awhShomzYCom5PXGhANtIPCqfBl80mTLkKqLYJDdAmx6Dt8zlyywxGHvMU-VKsks7_3NB0Vbl01_4eVvzkRM93_0D7edFW5ZSdvQbMEURsiXJArL3cY834uILfMioB-94-_sKTpuL7T5Ms7-g2Yx94wWoOlvKF1p-L4o51AIFwYgBJI9QaxikXZ,https://serpapi.com/search.json?data_id=0xaed10b4feadfe5%3A0xc2baf870c97eec7e&engine=google_maps_reviews&hl=pt,https://serpapi.com/search.json?data_id=0xaed10b4feadfe5%3A0xc2baf870c97eec7e&engine=google_maps_photos&hl=pt,https://serpapi.com/search.json?engine=google_maps&google_domain=google.com&hl=pt&place_id=ChIJ5d_qTwvRrgARfux-yXD4usI,"Datas, MG",docerias,2025-07-28T19:51:13.542424,COMPLETA
6,Sorveteria da Esquina,ChIJ-dp1tV_QrgARgyn5tl9wasM,0xaed05fb575daf9:0xc36a705fb6f92983,14081190741321263491,/g/11lnp06_66,,0,Doceria,Doceria,dessert_shop,"R. √âlcio Fernandes Batista, Datas - MG, 39130-000, Brasil",-18.451988699999998,-43.6580224,,,,,,,,,,,,,https://streetviewpixels-pa.googleapis.com/v1/thumbnail?panoid=jxyEuauGMSmo-bEFbzt7LA&cb_client=search.gws-prod.gps&w=80&h=92&yaw=248.82413&pitch=0&thumbfov=100,https://serpapi.com/images/url/wOjf0HicHc3BDcIgFADQbbgVaG1iNfkxHqoXPTmAAYqAoYWU39I6jWu5jcYF3vu8LWJMe8YSjlrj7HSObtE-FVFQE4LxWkSXqAo9m0uGdurlIJw_RDEE18FzWdtJTOfrrQ-FbE_yhdvLkSh5V97pASFpMSpLTf6JY-ioiYlkaDixsKvIKjJUdUObqi43JDpUFjj5L48wQ8n5F52uOeQ,https://serpapi.com/search.json?data_id=0xaed05fb575daf9%3A0xc36a705fb6f92983&engine=google_maps_reviews&hl=pt,https://serpapi.com/search.json?data_id=0xaed05fb575daf9%3A0xc36a705fb6f92983&engine=google_maps_photos&hl=pt,https://serpapi.com/search.json?engine=google_maps&google_domain=google.com&hl=pt&place_id=ChIJ-dp1tV_QrgARgyn5tl9wasM,"Datas, MG",docerias,2025-07-28T19:51:13.542424,COMPLETA
7,Padaria ebenezer,ChIJ_eHT3zrRrgAR5T880ti0iuQ,0xaed13adfd3e1fd:0xe48ab4d8d23c3fe5,16468173830766739429,/g/11k9g26c86,,0,,,,"Av. Jose Magalhaes Pinto, 141, Datas - MG, 39130-000, Brasil",-18.4478093,-43.6611811,+55 38 99828-6988,,Fecha em breve ‚ãÖ 20:00 ‚ãÖ Abre ter. √†s 05:00,Fecha em breve ‚ãÖ 20:00 ‚ãÖ Abre ter. √†s 05:00,segunda-feira: 05:00‚Äì20:00; ter√ßa-feira: 05:00‚Äì20:00; quarta-feira: 05:00‚Äì20:00; quinta-feira: 05:00‚Äì20:00; sexta-feira: 05:00‚Äì20:00; s√°bado: 06:30‚Äì20:00; domingo: 06:00‚Äì12:30,,,,,,,,https://streetviewpixels-pa.googleapis.com/v1/thumbnail?panoid=9Dkf4Hht7rDXKAZ99wDrWw&cb_client=search.gws-prod.gps&w=80&h=92&yaw=265.6198&pitch=0&thumbfov=100,https://serpapi.com/images/url/uOULSHicHc1RCsIgGADg2_iWulFrBj8R7CHoAEUv4ZxTyU3Rv1mn6VzdpugC3_d5W8SYd4xlTFrj4nSJ7ql9XkVJTQjGaxldpipMbKkY2sfUz9L5fZRzcAOI7j6ujxa3qbucDlchSpfOhaj-przTM0LWMilLTfmJKQzUxEwKtJxYEDV5yQJ1s6FNJVoSHSoLnPyTMSxQcf4FKno5Gg,https://serpapi.com/search.json?data_id=0xaed13adfd3e1fd%3A0xe48ab4d8d23c3fe5&engine=google_maps_reviews&hl=pt,https://serpapi.com/search.json?data_id=0xaed13adfd3e1fd%3A0xe48ab4d8d23c3fe5&engine=google_maps_photos&hl=pt,https://serpapi.com/search.json?engine=google_maps&google_domain=google.com&hl=pt&place_id=ChIJ_eHT3zrRrgAR5T880ti0iuQ,"Datas, MG",docerias,2025-07-28T19:51:13.542424,COMPLETA
1,Xandtur Viagens e Fretamento Turismo,ChIJmQy6wXLXrgARgVs6hiQ00UU,0xaed772c1ba0c99:0x45d13424863a5b81,5030859590224993153,/g/11gwgz87ww,4.5,2,Cama e caf√©,Cama e caf√©,bed_and_breakfast,"Estrada Vargem do Basto, 3999 - Vargem do Basto, Datas - MG, 39130-000, Brasil",-18.5112779,-43.656698,+55 31 98788-8659,,,,,,,,,,,,https://lh3.googleusercontent.com/gps-cs-s/AC9h4nriBsYkYJe0-5yXPYHaf2GnLlZAIHr8JpvabdQBneFC-dnyHUTECqzwTANo_XBd1KUDNRae3cCKTqn8Kqm8oynSOQP9lC55qXcF3Jyz7MlRVOZz_-KtAflYTUXpn2I6JAST5aJv=w80-h142-k-no,https://serpapi.com/images/url/G_CefnicBcFbEoIgFADQFZGlWdZMH0gPw95ho_00hqRNdFGhGt1fi2g3nfP7FsaUemxZsnA6uVK5FC8taq7ACDAdrp5WXmrENdIWJqOiD_Xd18kjoaKL3CbeJUF6sxewkme8DGqPlu_0mu19EHOCMmiCiM1I1X4Y3qhL7Ge9MJpuDqlwOAlZBV5YPT3VwHG7340kcd0q5nOHNu1wLQ-n7bm9oNDgm0xYFJdgLwcUH5mb0vfk43VR0evb6IFA_QHHnkQ1,https://serpapi.com/search.json?data_id=0xaed772c1ba0c99%3A0x45d13424863a5b81&engine=google_maps_reviews&hl=pt,https://serpapi.com/search.json?data_id=0xaed772c1ba0c99%3A0x45d13424863a5b81&engine=google_maps_photos&hl=pt,https://serpapi.com/search.json?engine=google_maps&google_domain=google.com&hl=pt&place_id=ChIJmQy6wXLXrgARgVs6hiQ00UU,"Datas, MG",agencias_turismo,2025-07-28T19:51:16.615365,COMPLETA
2,DAN viagens,ChIJ9yRKPTR_sgARp-yPSeMtuPY,0xb27f343d4a24f7:0xf6b82de3498feca7,17778009983260028071,/g/11y1v1hjc_,5,25,Ag√™ncia de viagens a pontos tur√≠sticos,Ag√™ncia de viagens a pontos tur√≠sticos,sightseeing_tour_agency,"R. Diamantina - Aparecida, Capelinha - MG, 39680-000, Brasil",-17.695673499999998,-42.5299815,+55 33 99153-4066,https://www.instagram.com/danviagens1/,Fechado ‚ãÖ Abre ter. √†s 07:00,Fechado ‚ãÖ Abre ter. √†s 07:00,segunda-feira: 07:00‚Äì19:00; ter√ßa-feira: 07:00‚Äì19:00; quarta-feira: 07:00‚Äì19:00; quinta-feira: 07:00‚Äì19:00; sexta-feira: 07:00‚Äì19:00; s√°bado: 07:00‚Äì19:00; domingo: Fechado,,,,"Cart√£o de cr√©dito, Cart√£o de d√©bito, Pagamentos por dispositivo m√≥vel via NFC",,,"""Pena que n√£o pode ser 10 estrelas kkk
1000 vezes Recomendo""",https://lh3.googleusercontent.com/p/AF1QipP1oYagJRKmVzHezgGVuEu5QmNAE6h2v8SN0eDq=w199-h92-k-no,https://serpapi.com/images/url/ZI56EXicuxmXUVJSUGylr5-TYayXnp-fnpNaWpxalJyfV5KaV6KXnJ-rX6Dv6GYYmFkQYJgfmZjuFeSdG1blkVqV7h5W6lpqGpjr5-hqlmFUZhHsZ5DqUmhbbmhpqZthaaSbrZuXDwCu6yFE,https://serpapi.com/search.json?data_id=0xb27f343d4a24f7%3A0xf6b82de3498feca7&engine=google_maps_reviews&hl=pt,https://serpapi.com/search.json?data_id=0xb27f343d4a24f7%3A0xf6b82de3498feca7&engine=google_maps_photos&hl=pt,https://serpapi.com/search.json?engine=google_maps&google_domain=google.com&hl=pt&place_id=ChIJ9yRKPTR_sgARp-yPSeMtuPY,"Datas, MG",agencias_turismo,2025-07-28T19:51:16.615365,COMPLETA
3,Datas - MG,ChIJw2brjmDQrgARZzr1zkgq-mk,0xaed0608eeb66c3:0x69fa2a48cef53a67,7636462610358286951,/g/11vt88ywch,,0,Ponto de √¥nibus,Ponto de √¥nibus,bus_stop,"Datas - MG, 39130-000, Brasil",-18.4520503,-43.6559029,,,,,,,,,,,,,https://streetviewpixels-pa.googleapis.com/v1/thumbnail?panoid=HKdk75JwtPmoNtdmYUVHQg&cb_client=search.gws-prod.gps&w=80&h=92&yaw=150.01129&pitch=0&thumbfov=100,https://serpapi.com/images/url/PddAxXicHc1NCgIhGADQ27jLn4GhJvhoOxRELQpahaOmko4yfo11m67VbYou8N7n7RBzWTNWcDIGZ29q9k8TyiJLalOywcjsC1UpslkwdI84jNKHTZZj8hr6nb4v223FQ0x71PFyOvdHS9RwVcGbEaEYOSlHbf2JU9LU5kIqrDhx0DXkJSuIllMuRNOR7FE54OS_3NIMgvMvjho5wQ,https://serpapi.com/search.json?data_id=0xaed0608eeb66c3%3A0x69fa2a48cef53a67&engine=google_maps_reviews&hl=pt,https://serpapi.com/search.json?data_id=0xaed0608eeb66c3%3A0x69fa2a48cef53a67&engine=google_maps_photos&hl=pt,https://serpapi.com/search.json?engine=google_maps&google_domain=google.com&hl=pt&place_id=ChIJw2brjmDQrgARZzr1zkgq-mk,"Datas, MG",agencias_turismo,2025-07-28T19:51:16.615365,COMPLETA
5,Pastelaria Tradicional,ChIJa10LidjRrgARLKm-PJ29DB4,0xaed1d8890b5d6b:0x1e0cbd9d3cbea92c,2165314003885009196,/g/11ll80rxpq,4.5,2,Pastelaria brasileira,Pastelaria brasileira,brazilian_pastelaria,"Av. Gov. Jos√© de Magalh√£es Pinto - Centro, Datas - MG, 39130-000, Brasil",-18.4480728,-43.6583623,+55 33 99927-4127,,Aberto ‚ãÖ Fecha √†s 21:00,Aberto ‚ãÖ Fecha √†s 21:00,segunda-feira: 07:00‚Äì21:00; ter√ßa-feira: 07:00‚Äì21:00; quarta-feira: 07:00‚Äì21:00; quinta-feira: 07:00‚Äì21:00; sexta-feira: 07:00‚Äì21:00; s√°bado: 09:00‚Äì23:00; domingo: 14:00‚Äì23:00,,,,Cart√£o de d√©bito,"Entrega sem contato, Entrega, Para viagem, Refei√ß√£o no local",,,https://lh3.googleusercontent.com/p/AF1QipMwV3h3rT003Ova5z8zA1F7anYREHaEpf_MIjhG=w122-h92-k-no,https://serpapi.com/images/url/MoGvpnicuxmXUVJSUGylr5-TYayXnp-fnpNaWpxalJyfV5KaV6KXnJ-rX6Dv6GYYmFngWx5mnGFcFGJgYOxflmhaZVHlaOhmnpgXGeTqkehakBbv65mV4W5bbmhkpJthaaSbrZuXDwCT4iC_,https://serpapi.com/search.json?data_id=0xaed1d8890b5d6b%3A0x1e0cbd9d3cbea92c&engine=google_maps_reviews&hl=pt,https://serpapi.com/search.json?data_id=0xaed1d8890b5d6b%3A0x1e0cbd9d3cbea92c&engine=google_maps_photos&hl=pt,https://serpapi.com/search.json?engine=google_maps&google_domain=google.com&hl=pt&place_id=ChIJa10LidjRrgARLKm-PJ29DB4,"Datas, MG",confeitarias,2025-07-28T19:51:19.697616,COMPLETA
1,Restaurante e Lanchonete Ludimila,ChIJk-VFNifRrgARQ7xYF_b59Yc,0xaed1273645e593:0x87f5f9f61758bc43,9797011399763344451,/g/11h37px63f,4.5,35,Restaurante,Restaurante,restaurant,"R. Francisco Tameir√£o, 452 - Centro, Datas - MG, 39130-000, Brasil",-18.4536042,-43.655527,+55 38 99722-5899,,Aberto ‚ãÖ Fecha √†s 22:15,Aberto ‚ãÖ Fecha √†s 22:15,segunda-feira: 06:15‚Äì22:15; ter√ßa-feira: 06:15‚Äì22:15; quarta-feira: 06:15‚Äì22:15; quinta-feira: 06:15‚Äì22:15; sexta-feira: 06:15‚Äì22:15; s√°bado: 06:15‚Äì20:00; domingo: 07:00‚Äì20:00,,,,"Cart√£o de cr√©dito, Cart√£o de d√©bito, Pagamentos por dispositivo m√≥vel via NFC","Entrega sem contato, Entrega, Para viagem, Refei√ß√£o no local",,,https://lh3.googleusercontent.com/gps-cs-s/AC9h4nqq-TklCcqTxx4s2-Z8hmsPTIE-Q6YOyEYic79VDAXs-mjGhzzBDo6hIFsZ84xq_7LogkEbhoAGnHfYavI-SA_xWjUFgwbj4OWPP6N2yM529Bj8ZaleIxqnfvTP8KsBAICSNa0z=w80-h142-k-no,https://serpapi.com/images/url/bQu8cXicBcFbcoIwFADQFV2xNGLoTD8Cos3YKh1pFX4czGAij8T0Uo3sz0W4G8953FXfn_HN81r1OpLGyLb6x-pPGN1Xuh8J03nyjCAQ0GNxqIi2FrKmjYXNnCPoQ0FVh2nGE_gO8vUtyU9iGv7O2A6hqxdqGKKZCRSfY0GJs_vpp5FNclCGLfTHMS8vHDZs77b1z1xeDzVZb9M0WPm3r4kfRjUtyrbizurjJUvpEiPG482qHA_vVzoG9UJ8aECbJ9DgRFk,https://serpapi.com/search.json?data_id=0xaed1273645e593%3A0x87f5f9f61758bc43&engine=google_maps_reviews&hl=pt,https://serpapi.com/search.json?data_id=0xaed1273645e593%3A0x87f5f9f61758bc43&engine=google_maps_photos&hl=pt,https://serpapi.com/search.json?engine=google_maps&google_domain=google.com&hl=pt&place_id=ChIJk-VFNifRrgARQ7xYF_b59Yc,"Datas, MG",cafeterias,2025-07-28T19:51:22.780686,COMPLETA
5,Divino Sabor,ChIJyRA2fbPRrgARI_L5vEd-lDE,0xaed1b37d3610c9:0x31947e47bcf9f223,3572619250989920803,/g/11mhjrssgr,3.6,5,Lanchonete,Lanchonete,snack_bar,"R. Raimundo Firmino de Souza - Centro, Datas - MG, 39130-000, Brasil",-18.4495702,-43.6570359,+55 38 99911-0775,,Aberto ‚ãÖ Fecha √†s 23:30,Aberto ‚ãÖ Fecha √†s 23:30,segunda-feira: 19:00‚Äì23:30; ter√ßa-feira: 19:00‚Äì23:30; quarta-feira: 19:00‚Äì23:30; quinta-feira: 19:00‚Äì23:30; sexta-feira: 19:00‚Äì23:30; s√°bado: 19:00‚Äì01:00; domingo: 12:00‚Äì00:00,,,Banheiro com acessibilidade para pessoas em cadeira de rodas,"Cart√£o de cr√©dito, Cart√£o de d√©bito, Pagamentos por dispositivo m√≥vel via NFC","Para viagem, Refei√ß√£o no local",,,https://streetviewpixels-pa.googleapis.com/v1/thumbnail?panoid=jXZdsJpM99pVCchIBBfssA&cb_client=search.gws-prod.gps&w=80&h=92&yaw=48.07197&pitch=0&thumbfov=100,https://serpapi.com/images/url/bKw963icHc3RCsIgFADQv_EtdRFsBpdoPRX0GtFLOGdquHnZtVlf03f1N0U_cM7n7XNGWgtBebI2z8EWDE8baYGau5RctBoDcZMGMVci-8fQjTrEDeoxhR7u50tPBzwqhaed8fu2vRFtmemuJgY7ZiCrJ-O5Kz9xSj13SKxAI5kHtWQvXWDVcFlXqmYYsvEg2T-5pRkqKb9M0jl1,https://serpapi.com/search.json?data_id=0xaed1b37d3610c9%3A0x31947e47bcf9f223&engine=google_maps_reviews&hl=pt,https://serpapi.com/search.json?data_id=0xaed1b37d3610c9%3A0x31947e47bcf9f223&engine=google_maps_photos&hl=pt,https://serpapi.com/search.json?engine=google_maps&google_domain=google.com&hl=pt&place_id=ChIJyRA2fbPRrgARI_L5vEd-lDE,"Datas, MG",cafeterias,2025-07-28T19:51:22.780686,COMPLETA
6,Cantina Mineira,ChIJlbESrInRrgARYX4Sxfcjq34,0xaed189ac12b195:0x7eab23f7c5127e61,9127428616866659937,/g/11t71r6vk4,5,10,Restaurante,Restaurante,restaurant,"Avenida Flor√™ncio Marques, 143 A, Datas - MG, 39130-000, Brasil",-18.4478528,-43.6594021,+55 38 99756-0396,,Fechado ‚ãÖ Abre ter. √†s 11:00,Fechado ‚ãÖ Abre ter. √†s 11:00,segunda-feira: 11:00‚Äì14:00; ter√ßa-feira: 11:00‚Äì14:00; quarta-feira: 11:00‚Äì14:00; quinta-feira: 11:00‚Äì14:00; sexta-feira: 11:00‚Äì14:00; s√°bado: 11:00‚Äì14:00; domingo: Fechado,,,,"Cart√£o de cr√©dito, Cart√£o de d√©bito","Entrega, Para viagem, Refei√ß√£o no local",,,https://lh3.googleusercontent.com/gps-cs-s/AC9h4nowrMed2vghU4jaePsU4GK4N_28xKGgxYjqloMcIiqi4pCFA2DT8h7Zi4C1ejXvF-nADxt4x-V74kDEv1O-0JdJogfz0nvTlUUVpTxTS9yqH8Zblv87tg4P5zHOIRqr_TrKB-Ja2g=w122-h92-k-no,https://serpapi.com/images/url/cVUVc3icBcFbcoIwFADQFV2R9DpAZ_pBwReMj2mD0_rjKMYEjAmQNKZu0DV0Nz3n7yms7cxrEEjxMuJac8l-DBtqrSxTdlTrW8A7A7UBE6RZIlDp-7BiZ-K4qLA9sq2pcF7i-kBiX865_257qVf1sukb7LJZSnIai2jfYBay9svNQKW5t-hhF-E1n7pwA-PiXGh-eYyVo7Kqdh319DP57Rfx_iRdHFmO28ljsVl-9MOBDuU7FEfC3-4hISASAldQ-h9Zp0Ti,https://serpapi.com/search.json?data_id=0xaed189ac12b195%3A0x7eab23f7c5127e61&engine=google_maps_reviews&hl=pt,https://serpapi.com/search.json?data_id=0xaed189ac12b195%3A0x7eab23f7c5127e61&engine=google_maps_photos&hl=pt,https://serpapi.com/search.json?engine=google_maps&google_domain=google.com&hl=pt&place_id=ChIJlbESrInRrgARYX4Sxfcjq34,"Datas, MG",cafeterias,2025-07-28T19:51:22.781690,COMPLETA
5,Trailer Vila Americana,ChIJs0asAczRrgARYKMK3_lDovQ,0xaed1cc01ac46b3:0xf4a243f9df0aa360,17627726631949476704,/g/11ny2gp_f5,5,1,Restaurante fast-food,Restaurante fast-food,fast_food_restaurant,"Pra√ßa do Divino - Centro, Datas - MG, 39130-000, Brasil",-18.4474,-43.6588803,+55 38 99835-4882,,Fechado ‚ãÖ Abre qua. √†s 14:00,Fechado ‚ãÖ Abre qua. √†s 14:00,segunda-feira: Fechado; ter√ßa-feira: Fechado; quarta-feira: 14:00‚Äì21:00; quinta-feira: 14:00‚Äì21:00; sexta-feira: 14:00‚Äì21:00; s√°bado: 14:00‚Äì21:00; domingo: Fechado,,,,"Cart√£o de d√©bito, Pagamentos por dispositivo m√≥vel via NFC",Refei√ß√£o no local,,,https://streetviewpixels-pa.googleapis.com/v1/thumbnail?panoid=QG-Mwew840Cg2FlWaGbb3Q&cb_client=search.gws-prod.gps&w=80&h=92&yaw=67.48262&pitch=0&thumbfov=100,https://serpapi.com/images/url/Sj8N5XicHc0xDsIgFADQ27AVKDa1mvx0MLGTQydHA_QLJLSQgkVP47m8jcYLvPd525xjOjKW8oqYN4cluif6VEVJTQjGo4wuUR1mttUs28esFul8H-US3ATjUF0Klq7hJyPO_ioHpXYj0eqmvcMlQ0K5aktN-YlrmKiJiRToOLFwEOQlC7R72nSiFSS6rC1w8k_uYYOa8y8JiTiw,https://serpapi.com/search.json?data_id=0xaed1cc01ac46b3%3A0xf4a243f9df0aa360&engine=google_maps_reviews&hl=pt,https://serpapi.com/search.json?data_id=0xaed1cc01ac46b3%3A0xf4a243f9df0aa360&engine=google_maps_photos&hl=pt,https://serpapi.com/search.json?engine=google_maps&google_domain=google.com&hl=pt&place_id=ChIJs0asAczRrgARYKMK3_lDovQ,"Datas, MG",hamburguerias,2025-07-28T19:51:25.836700,COMPLETA
7,Lari&Casburgues,ChIJA6gX7HzRrgARb3CvMr_zK-8,0xaed17cec17a803:0xef2bf3bf32af706f,17234136401577996399,/g/11rcxd6l80,4.4,5,Hamburgueria,Hamburgueria,hamburger_restaurant,"Rua Ant√¥nio alcebiadesebiace, R. Francisco Rocha Freire - Centro, Datas - MG, 39130-000, Brasil",-18.4433394,-43.6596967,+55 38 99845-0820,,Permanently closed,Permanently closed,,,,,,Refei√ß√£o no local,,,https://lh3.googleusercontent.com/p/AF1QipPR_26_nC50UpLEaIBQcenTwmUxt276nC7d4bVa=w80-h142-k-no,https://serpapi.com/images/url/hlCREnicuxmXUVJSUGylr5-TYayXnp-fnpNaWpxalJyfV5KaV6KXnJ-rX6Dv6GYYmFkQEBRvZBaf52xqEFrg45ro6RSYnJoXUp4bWlFiZG6W52yeYpIUlmhbbmGgm2FoYqSbrZuXDwCXISDO,https://serpapi.com/search.json?data_id=0xaed17cec17a803%3A0xef2bf3bf32af706f&engine=google_maps_reviews&hl=pt,https://serpapi.com/search.json?data_id=0xaed17cec17a803%3A0xef2bf3bf32af706f&engine=google_maps_photos&hl=pt,https://serpapi.com/search.json?engine=google_maps&google_domain=google.com&hl=pt&place_id=ChIJA6gX7HzRrgARb3CvMr_zK-8,"Datas, MG",hamburguerias,2025-07-28T19:51:25.836700,COMPLETA
3,Pai√≥ de Canoa,ChIJUXsdl_TRrgAReG7xZcjXKYA,0xaed1f4971d7b51:0x8029d7c865f16e78,9235149766603665016,/g/11v18cszm9,,0,Bar,Bar,bar,"R. dos Garimpeiros, Datas - MG, 39130-000, Brasil",-18.4502886,-43.6563807,,,,,,,,,,Refei√ß√£o no local,,,https://streetviewpixels-pa.googleapis.com/v1/thumbnail?panoid=c74mlg5jdj_eQBZkzrw8_A&cb_client=search.gws-prod.gps&w=80&h=92&yaw=234.23975&pitch=0&thumbfov=100,https://serpapi.com/images/url/9UdOC3icHc3bDcIgFADQbfgT6CttTYjRDfz1p6H0CrfSQgCLOo1ruY3GBc75vE1KPu4ZiykApA0he3yAjTsvqXZOW5AeI1VuYVvBkrkv4yrRHrxcHU5CtfVidTNP8wDn0-X2CrkbjkSNg7IIaxIRZFCG6vwTg5uo9pFk0XFiRF-Sp8yirGpaVn3bEI9JGcHJf7m6TRScfwGUOznd,https://serpapi.com/search.json?data_id=0xaed1f4971d7b51%3A0x8029d7c865f16e78&engine=google_maps_reviews&hl=pt,https://serpapi.com/search.json?data_id=0xaed1f4971d7b51%3A0x8029d7c865f16e78&engine=google_maps_photos&hl=pt,https://serpapi.com/search.json?engine=google_maps&google_domain=google.com&hl=pt&place_id=ChIJUXsdl_TRrgAReG7xZcjXKYA,"Datas, MG",pubs,2025-07-28T19:51:28.903145,COMPLETA
6,Max Burgue,ChIJtXk-RTjRrgARSTjom7vOlOs,0xaed138453e79b5:0xeb94cebb9be83849,16975420200636135497,/g/11g_v5t1tp,,0,Bar,Bar,cocktail_bar,"Av. J Magalh√£es Pinto, 146-158, Datas - MG, 39130-000, Brasil",-18.4474274,-43.658252,,,Permanently closed,Permanently closed,,,,,,Refei√ß√£o no local,,,https://lh3.googleusercontent.com/gps-cs-s/AC9h4noVtEEWz_8PPmL-AzLKdEQWpbAywMV0xBkrnCG1kbX0wiIRlTN28gBzZhTduc7p1fnxMGTIKCTFLuJnEG22NOG7A89QwXn4Gw053DT4WZBdKNTA8u8fFuMZMGWy9iAuiwu8cpd3=w80-h106-k-no,https://serpapi.com/images/url/nl6JdXicBcHbboIwAADQL6qUi7Ms8aEgNo7LdGnE8LKEcikB28a2qfJ_-4j9jef8_3FjlP70vIWHm1HKcemt7h9MCtMLs2Hy7o1KA6aB9nAa80jIq8myev1F5_O9AHgt8i671KrFL1de4TOZHyIl_tzeoJtOPwutAjQma8NpZ9lO-YN4loSe8pQeC_slMhIE1TfZYRRf3E1ExMFteKBR3SRdXlGMLBqOtmxKUr_iCdvJWcRUF-4dgoD78APMQMg3kpRDYg,https://serpapi.com/search.json?data_id=0xaed138453e79b5%3A0xeb94cebb9be83849&engine=google_maps_reviews&hl=pt,https://serpapi.com/search.json?data_id=0xaed138453e79b5%3A0xeb94cebb9be83849&engine=google_maps_photos&hl=pt,https://serpapi.com/search.json?engine=google_maps&google_domain=google.com&hl=pt&place_id=ChIJtXk-RTjRrgARSTjom7vOlOs,"Datas, MG",pubs,2025-07-28T19:51:28.903145,COMPLETA
4,D&T sorveteria,ChIJTfL3oMHRrgARamhbahKXVlM,0xaed1c1a0f7f24d:0x535697126a5b686a,6005153258494716010,/g/11ny192px0,4.9,7,Sorveteria,Sorveteria,ice_cream_shop,"Av. J Magalh√£es Pinto, Datas - MG, 39130-000, Brasil",-18.444699399999998,-43.658668399999996,,https://instagram.com/d.e.t.sorveteria?utm_medium=copy_link,Permanently closed,Permanently closed,,,,,,,,"""A√ßa√≠ delicioso, lugar simples, atendimento muito bom!""",https://lh3.googleusercontent.com/gps-cs-s/AC9h4npNF865O_C7OiGU6b5olxN7_L7mvWoE3dYm3KjMWhaXAX8yBdAp-Q4_ZTe7OMrs21Rca6sDiijTHyU9BIsCXACcjd2nK8nS6UsIg1GL8nTdUcEXUNSOXn8CE4MYcwYW4NY0vmWm=w143-h92-k-no,https://serpapi.com/images/url/sGiABXicBcFZroIwFADQFVUEKhST94EVhygQnzQUf4gWQkHaEi9OC3QR7sZzvh85jgPMLauX7qQxpunrO9Q3YfRY63EijLKaAZAABFZIA4n1kKyIN0tL6qftmnmXmelfiV_uffXITeRWhXJ3XZzLMw85eS-qcEAHXJ6y2k_jGzj2vzh7sGzbLtu8WbDYAuUhFV3l6B3RR4_BtrHXe6KziomIs-SYck1ohONCPIscJ8X0oXL197Sxi2TgoCvS5gcvyELf,https://serpapi.com/search.json?data_id=0xaed1c1a0f7f24d%3A0x535697126a5b686a&engine=google_maps_reviews&hl=pt,https://serpapi.com/search.json?data_id=0xaed1c1a0f7f24d%3A0x535697126a5b686a&engine=google_maps_photos&hl=pt,https://serpapi.com/search.json?engine=google_maps&google_domain=google.com&hl=pt&place_id=ChIJTfL3oMHRrgARamhbahKXVlM,"Datas, MG",sorveterias,2025-07-28T19:51:31.954765,COMPLETA
